State,Year,Total_RE,RE_Growth,GSDP (crore INR),GSDP_Growth,TOTAL_CO2,NET_GENERATION,Emission_Intensity
Andhra Pradesh,2006,353.2145639641019,,216140.0,,0.0,0.0,0.0
Andhra Pradesh,2006,353.2145639641019,,216140.0,,0.0,0.0,0.0
Andhra Pradesh,2007,373.77673937708073,5.82144042482593,239372.0,10.748588877579346,1402106.0,1333.9,5.857435289006233
Andhra Pradesh,2007,373.77673937708073,5.82144042482593,239372.0,10.748588877579346,1396925.03,1288.81,5.835791278846314
Andhra Pradesh,2009,394.2920227138608,3.972302080435175,265140.0,5.452390516682515,3080269.47,3338.62,11.617520819189863
Andhra Pradesh,2009,394.2920227138608,3.972302080435175,265140.0,5.452390516682515,0.0,0.0,0.0
Andhra Pradesh,2009,394.2920227138608,3.972302080435175,265140.0,5.452390516682515,0.0,0.0,0.0
Andhra Pradesh,2009,394.2920227138608,3.972302080435175,265140.0,5.452390516682515,0.0,0.0,0.0
Andhra Pradesh,2009,394.2920227138608,3.972302080435175,265140.0,5.452390516682515,0.0,0.0,0.0
Andhra Pradesh,2009,394.2920227138608,3.972302080435175,265140.0,5.452390516682515,0.0,0.0,0.0
Andhra Pradesh,2009,394.2920227138608,3.972302080435175,265140.0,5.452390516682515,0.0,0.0,0.0
Andhra Pradesh,2009,394.2920227138608,3.972302080435175,265140.0,5.452390516682515,0.0,0.0,0.0
Andhra Pradesh,2010,438.6050347213058,11.238627579235395,282786.0,6.655351889567784,1287680.12,1185.66,4.55354975140212
Andhra Pradesh,2010,438.6050347213058,11.238627579235395,282786.0,6.655351889567784,0.0,0.0,0.0
Andhra Pradesh,2010,438.6050347213058,11.238627579235395,282786.0,6.655351889567784,0.0,0.0,0.0
Andhra Pradesh,2011,497.2787450644965,13.377345378735228,379402.0,34.16576492471339,2527151.0,2638.75,6.6608794893015855
Andhra Pradesh,2012,627.6387168959207,26.214667955397264,380629.0,0.32340367209451326,2859001.74,2952.98,7.511255684669324
Andhra Pradesh,2012,627.6387168959207,26.214667955397264,380629.0,0.32340367209451326,567048.38,541.3,1.48976662314222
Andhra Pradesh,2012,627.6387168959207,26.214667955397264,380629.0,0.32340367209451326,636786.23,609.5,1.6729840080498333
Andhra Pradesh,2012,627.6387168959207,26.214667955397264,380629.0,0.32340367209451326,0.0,0.0,0.0
Andhra Pradesh,2013,1479.8200000000002,135.77576719910894,407115.0,6.958481881306988,0.0,0.0,0.0
Andhra Pradesh,2014,1887.8400000000001,27.572272303388257,444564.0,9.198629379904943,3437335.7,3150.93,7.731925437057432
Andhra Pradesh,2014,1887.8400000000001,27.572272303388257,444564.0,9.198629379904943,798824.17,779.73,1.7968710241944919
Andhra Pradesh,2014,1887.8400000000001,27.572272303388257,444564.0,9.198629379904943,863292.64,834.17,1.9418860726464582
Andhra Pradesh,2015,2618.1400000000003,38.68442240867871,498606.0,12.156179987583338,3131671.18,2906.36,6.280853379221269
Andhra Pradesh,2015,2618.1400000000003,38.68442240867871,498606.0,12.156179987583338,3726747.17,4275.29,7.474332779790054
Andhra Pradesh,2015,2618.1400000000003,38.68442240867871,498606.0,12.156179987583338,4146289.95,4758.11,8.31576425073104
Andhra Pradesh,2015,2618.1400000000003,38.68442240867871,498606.0,12.156179987583338,2731694.56,2805.0,5.478663634212183
Andhra Pradesh,2015,2618.1400000000003,38.68442240867871,498606.0,12.156179987583338,0.0,0.0,0.0
Andhra Pradesh,2015,2618.1400000000003,38.68442240867871,498606.0,12.156179987583338,0.0,0.0,0.0
Andhra Pradesh,2015,2618.1400000000003,38.68442240867871,498606.0,12.156179987583338,0.0,0.0,0.0
Andhra Pradesh,2015,2618.1400000000003,38.68442240867871,498606.0,12.156179987583338,0.0,0.0,0.0
Andhra Pradesh,2016,6106.26,133.22893351768812,540212.0,8.344464366654236,3891980.84,4452.91,7.2045434755244235
Andhra Pradesh,2016,6106.26,133.22893351768812,540212.0,8.344464366654236,2290229.84,2325.0,4.2395019732993715
Andhra Pradesh,2017,6801.7,11.388968042631653,594737.0,10.093259683235466,3842557.73,4364.97,6.460936060813435
Andhra Pradesh,2017,6801.7,11.388968042631653,594737.0,10.093259683235466,0.0,0.41,0.0
Andhra Pradesh,2017,6801.7,11.388968042631653,594737.0,10.093259683235466,0.0,0.3,0.0
Andhra Pradesh,2018,7838.58,15.244424188070639,626614.0,5.359848134553591,3199752.75,3259.0,5.106417587222756
Andhra Pradesh,2023,14239.33,53.6941213549897,804470.0,4.926307551845577,2954084.55,3030.02,3.672087896378982
Andhra Pradesh,2023,14239.33,53.6941213549897,804470.0,4.926307551845577,741973.25,700.51,0.9223131378423061
Andhra Pradesh,2023,14239.33,53.6941213549897,804470.0,4.926307551845577,0.0,0.0,0.0
Assam,2007,27.11,1184.8341232227488,50222.0,5.7260746915919425,0.0,218.5,0.0
Assam,2007,27.11,1184.8341232227488,50222.0,5.7260746915919425,0.0,108.74,0.0
Assam,2011,31.11,14.754703061600893,143175.0,140.18218114106458,61885.68,106.45,0.43223803038239916
Assam,2015,34.11,0.0,191109.0,15.67501150037527,1616820.53,1605.0,8.460200880126001
Assam,2017,46.56,1.4600130747439488,219919.0,8.827153468163761,1414573.97,1407.0,6.4322499192884655
Assam,2017,46.56,1.4600130747439488,219919.0,8.827153468163761,228935.75,501.55,1.0410003228461389
Assam,2018,56.51,21.370274914089336,231040.0,5.056861844588245,32117.88,68.97,0.1390143698060942
Assam,2018,56.51,21.370274914089336,231040.0,5.056861844588245,32440.47,69.66,0.1404106215373961
Assam,2018,56.51,21.370274914089336,231040.0,5.056861844588245,33593.2,72.14,0.14539993074792243
Assam,2018,56.51,21.370274914089336,231040.0,5.056861844588245,28217.76,60.6,0.12213365650969528
Assam,2018,56.51,21.370274914089336,231040.0,5.056861844588245,27686.25,59.46,0.11983314577562326
Assam,2018,56.51,21.370274914089336,231040.0,5.056861844588245,32390.49,69.56,0.1401942953601108
Assam,2018,56.51,21.370274914089336,231040.0,5.056861844588245,30986.16,66.54,0.1341159972299169
Assam,2019,75.34,33.321536011325435,251924.0,9.039127423822713,1590499.31,1610.0,6.313409242469952
Assam,2020,87.67,16.36580833554553,250923.0,-0.39734205554056157,76685.74,167.59,0.30561463078314866
Bihar,2007,50.4,0.0,89620.0,8.770056072044085,3440356.37,3607.0,38.388265677304176
Bihar,2008,50.4,0.0,104491.0,16.593394331622413,3242834.43,3387.0,31.034581255801935
Bihar,2009,54.6,8.333333333333348,109420.0,4.717152673435998,3077932.44,3232.0,28.129523304697496
Bihar,2013,70.7,-37.98245614035088,269650.0,4.983044644560475,3414592.99,3775.2,12.663055776005935
Bihar,2015,119.22,4.468980021030489,296488.0,6.0848283610393405,3892230.13,4211.72,13.127783013140498
Bihar,2015,119.22,4.468980021030489,296488.0,6.0848283610393405,1269736.87,1224.92,4.282591099808425
Bihar,2016,292.21999999999997,145.10988089246771,318797.0,7.524419200777088,1421911.37,1476.79,4.460240748815077
Bihar,2017,334.35,14.417219902812972,344028.0,7.914440851074511,1411849.12,1393.74,4.103878521515691
Bihar,2017,334.35,14.417219902812972,344028.0,7.914440851074511,1594989.97,1664.98,4.636221383143233
Bihar,2018,334.35,0.0,381383.0,10.858127826804797,1333224.62,1326.21,3.4957631042809987
Bihar,2018,334.35,0.0,381383.0,10.858127826804797,1417381.28,1425.68,3.716424906196658
Bihar,2019,343.47,2.7276805742485477,409645.0,7.410398470828539,1661819.1,1740.19,4.056729851456749
Bihar,2019,343.47,2.7276805742485477,409645.0,7.410398470828539,4265191.78,4831.77,10.41192198122765
Bihar,2021,387.34999999999997,2.846294772057445,435629.0,3.750092287613449,2647293.59,2702.05,6.076945267647471
Bihar,2021,387.34999999999997,2.846294772057445,435629.0,3.750092287613449,1475753.34,1569.1,3.3876379671693115
Bihar,2021,387.34999999999997,2.846294772057445,435629.0,3.750092287613449,3872752.13,4109.21,8.890023689882904
Bihar,2021,387.34999999999997,2.846294772057445,435629.0,3.750092287613449,4218119.0,4643.54,9.682824146234525
Bihar,2023,700.1400000000001,39.70109942734004,476827.0,4.515067027889574,2536016.97,2982.99,5.3185263628108315
Delhi,2010,2.14,4180.0,144443.0,8.855846622253027,274049.66,694.34,1.8972858497815746
Delhi,2010,2.14,4180.0,144443.0,8.855846622253027,0.0,0.0,0.0
Delhi,2010,2.14,4180.0,144443.0,8.855846622253027,0.0,0.0,0.0
Delhi,2011,2.53,18.224299065420535,343798.0,138.01638016380164,243279.74,616.38,0.7076240699480508
Delhi,2011,2.53,18.224299065420535,343798.0,138.01638016380164,0.0,0.0,0.0
Delhi,2012,2.56,1.1857707509881577,366628.0,6.640527286371656,279902.32,709.17,0.7634504729589666
Delhi,2013,5.15,101.171875,392908.0,7.168028628473544,73299.67,185.71,0.18655682755250594
Delhi,2014,5.47,6.2135922330097015,428355.0,9.021704826575183,60634.5,153.63,0.14155198375179465
Delhi,2014,5.47,6.2135922330097015,428355.0,9.021704826575183,74108.45,187.76,0.17300708524471525
Gujarat,2006,643.6,,189436.0,,7198.32,14.01,0.037998690850735865
Gujarat,2006,643.6,,189436.0,,0.0,435.28,0.0
Gujarat,2007,1260.4,95.83592293349908,213092.0,12.48759475495682,3065.59,5.96,0.014386227544910181
Gujarat,2008,1574.0,24.88099016185337,228460.0,7.211908471458339,295976.92,785.14,1.2955305961656307
Gujarat,2009,1876.73,19.23316391359593,252528.0,10.534885756806434,125478.84,61.91,0.4968908002280935
Gujarat,2009,1876.73,19.23316391359593,252528.0,10.534885756806434,966448.03,1077.78,3.827092560032947
Gujarat,2009,1876.73,19.23316391359593,252528.0,10.534885756806434,435404.25,1155.01,1.7241820708990687
Gujarat,2009,1876.73,19.23316391359593,252528.0,10.534885756806434,621924.2,1649.79,2.4627930368117594
Gujarat,2009,1876.73,19.23316391359593,252528.0,10.534885756806434,70836.99,168.16,0.2805114284356586
Gujarat,2009,1876.73,19.23316391359593,252528.0,10.534885756806434,39550.65,93.89,0.15661886998669455
Gujarat,2010,2197.5299999999997,17.093561673762323,272040.0,7.726667933852882,951374.95,1059.4,3.4971877297456255
Gujarat,2010,2197.5299999999997,17.093561673762323,272040.0,7.726667933852882,1135685.61,1200.95,4.174700816056463
Gujarat,2010,2197.5299999999997,17.093561673762323,272040.0,7.726667933852882,989103.39,1038.23,3.6358748345831495
Gujarat,2010,2197.5299999999997,17.093561673762323,272040.0,7.726667933852882,2399192.74,2742.28,8.819264593442142
Gujarat,2010,2197.5299999999997,17.093561673762323,272040.0,7.726667933852882,861634.9,683.84,3.167309586825467
Gujarat,2010,2197.5299999999997,17.093561673762323,272040.0,7.726667933852882,920000.1,728.06,3.3818559770621968
Gujarat,2011,3607.2700000000004,64.15111511560711,615606.0,126.29245699161888,2368675.78,2695.65,3.8477139274146124
Gujarat,2011,3607.2700000000004,64.15111511560711,615606.0,126.29245699161888,3418391.93,3771.9,5.552889234347943
Gujarat,2012,4078.58,13.065559273356286,682650.0,10.890732059141728,3684221.64,4062.96,5.396940804218853
Gujarat,2012,4078.58,13.065559273356286,682650.0,10.890732059141728,2857476.15,3127.15,4.185858272907053
Gujarat,2012,4078.58,13.065559273356286,682650.0,10.890732059141728,3916132.85,4623.0,5.736662784735955
Gujarat,2012,4078.58,13.065559273356286,682650.0,10.890732059141728,3832957.12,4626.0,5.61482036182524
Gujarat,2012,4078.58,13.065559273356286,682650.0,10.890732059141728,3836040.86,4664.0,5.619337669376693
Gujarat,2012,4078.58,13.065559273356286,682650.0,10.890732059141728,2169689.81,2331.0,3.178334153665861
Gujarat,2012,4078.58,13.065559273356286,682650.0,10.890732059141728,1359736.65,1433.0,1.9918503625576796
Gujarat,2012,4078.58,13.065559273356286,682650.0,10.890732059141728,12181.9,29.62,0.01784501574745477
Gujarat,2012,4078.58,13.065559273356286,682650.0,10.890732059141728,480373.47,1298.53,0.7036892551087672
Gujarat,2013,4430.2,8.621137748922415,734284.0,7.56375888083205,0.0,0.0,0.0
Gujarat,2013,4430.2,8.621137748922415,734284.0,7.56375888083205,3910295.17,4757.0,5.325317138872697
Gujarat,2013,4430.2,8.621137748922415,734284.0,7.56375888083205,2371193.62,2353.51,3.2292595508005077
Gujarat,2013,4430.2,8.621137748922415,734284.0,7.56375888083205,35548.99,66.66,0.04841313442755119
Gujarat,2014,4717.55,6.486163152905067,811428.0,10.506016745564395,217307.98,562.44,0.267809318879802
Gujarat,2014,4717.55,6.486163152905067,811428.0,10.506016745564395,20448.25,52.76,0.02520032584529989
Gujarat,2014,4717.55,6.486163152905067,811428.0,10.506016745564395,139413.33,360.79,0.17181232345938272
Gujarat,2014,4717.55,6.486163152905067,811428.0,10.506016745564395,115813.44,225.44,0.14272793149854332
Gujarat,2014,4717.55,6.486163152905067,811428.0,10.506016745564395,88878.03,182.31,0.10953286058652154
Gujarat,2015,5229.57,10.85351506608303,894465.0,10.23344030523965,389172.86,360.21,0.43509009296059653
Gujarat,2015,5229.57,10.85351506608303,894465.0,10.23344030523965,349254.33,332.27,0.3904617061595479
Gujarat,2016,6671.889999999999,27.580087846610702,981342.0,9.712733309855604,1204155.89,811.0,1.2270501924915065
Gujarat,2017,7295.32,9.344128875026424,1086570.0,10.722867257286461,1116714.45,743.0,1.027742759325216
Gujarat,2019,10636.14,22.93557410018725,1268957.0,7.264205169819604,4219168.09,4609.54,3.3249102136636624
Gujarat,2023,29624.64,78.5111536931921,1361467.0,3.2287928497069185,0.0,3492.13,0.0
Gujarat,2024,37406.06,26.26671581494322,1358385.0,-0.2263734633303649,0.0,0.0,0.0
Haryana,2007,68.7,0.0,103244.0,9.52178894216489,1614217.0,1660.88,15.634971523768936
Haryana,2007,68.7,0.0,103244.0,9.52178894216489,1461899.41,1505.07,14.15965489519972
Haryana,2010,105.89999999999999,35.943517329910144,128983.0,7.122509488650985,2615019.65,2641.71,20.27414194118605
Haryana,2010,105.89999999999999,35.943517329910144,128983.0,7.122509488650985,2281295.99,2341.44,17.686795856818343
Haryana,2010,105.89999999999999,35.943517329910144,128983.0,7.122509488650985,1646223.97,1661.39,12.76310808401107
Haryana,2011,122.69999999999999,15.86402266288951,297539.0,130.68078739058637,2713584.72,2761.67,9.120097600650672
Haryana,2012,123.19999999999999,0.4074979625101838,320912.0,7.855440799357405,2268266.73,2336.46,7.06818919205265
Haryana,2012,123.19999999999999,0.4074979625101838,320912.0,7.855440799357405,3580139.72,4060.28,11.15614162137907
Haryana,2012,123.19999999999999,0.4074979625101838,320912.0,7.855440799357405,3261317.2,3680.05,10.162652689833974
Jharkhand,2009,4.05,0.0,60555.0,10.794986734973921,1610515.06,1663.01,26.595905540417803
Jharkhand,2010,4.05,0.0,64698.0,6.841714144166455,1628915.28,1727.89,25.177212278586666
Jharkhand,2011,8.05,98.76543209876544,150918.0,133.26532504868774,3466621.01,3519.16,22.97022893226785
Jharkhand,2011,8.05,98.76543209876544,150918.0,133.26532504868774,3628297.51,3868.0,24.041515988815117
Jharkhand,2012,20.05,149.06832298136644,163250.0,8.171324825401882,1933277.8,1902.86,11.842436753445636
Jharkhand,2012,20.05,149.06832298136644,163250.0,8.171324825401882,3628297.51,3868.0,22.2254058805513
Jharkhand,2013,20.05,0.0,165816.0,1.5718223583460977,3102877.39,3175.87,18.71277434023255
Jharkhand,2013,20.05,0.0,165816.0,1.5718223583460977,1546212.75,1517.26,9.32487063974526
Jharkhand,2016,27.32,34.980237154150196,193174.0,10.460255831108011,3279574.72,3388.76,16.977309161688428
Jharkhand,2023,126.83999999999999,15.529647508880595,273810.0,6.031738655637908,0.0,0.0,0.0
Jharkhand,2023,126.83999999999999,15.529647508880595,273810.0,6.031738655637908,0.0,0.0,0.0
Karnataka,2007,1737.6799999999998,16.475855966967835,171984.0,12.559393693469634,2777592.95,2413.88,16.15029857428598
Karnataka,2007,1737.6799999999998,16.475855966967835,171984.0,12.559393693469634,0.0,1716.48,0.0
Karnataka,2009,2455.4300000000003,17.733676003797516,189773.0,5.541435634478797,1208910.75,1458.22,6.370298988791872
Karnataka,2009,2455.4300000000003,17.733676003797516,189773.0,5.541435634478797,891806.5,1022.57,4.69933288718627
Karnataka,2009,2455.4300000000003,17.733676003797516,189773.0,5.541435634478797,0.0,145.03,0.0
Karnataka,2009,2455.4300000000003,17.733676003797516,189773.0,5.541435634478797,0.0,119.79,0.0
Karnataka,2010,2881.38,17.347267077456884,203281.0,7.117977794522923,1240434.38,1043.99,6.1020674829423305
Karnataka,2010,2881.38,17.347267077456884,203281.0,7.117977794522923,2355267.99,2625.42,11.586267235993528
Karnataka,2011,3266.13,13.35297669866522,606010.0,198.11443273104717,2380960.63,2651.32,3.9289131037441622
Karnataka,2011,3266.13,13.35297669866522,606010.0,198.11443273104717,0.0,1795.67,0.0
Karnataka,2012,3604.29,10.353537673025869,649673.0,7.204996617217541,2218641.42,2063.33,3.415012506291627
Karnataka,2016,7456.969999999999,46.085626072578776,941774.0,13.285217663262493,3221284.04,3153.39,3.4204427389161305
Karnataka,2016,7456.969999999999,46.085626072578776,941774.0,13.285217663262493,3556218.54,4106.0,3.7760848568764906
Karnataka,2016,7456.969999999999,46.085626072578776,941774.0,13.285217663262493,2902720.9,3059.26,3.082184154584858
Karnataka,2017,12552.05,68.32641139765884,1019708.0,8.275233760966017,2619851.38,3030.0,2.5692172465058625
Karnataka,2017,12552.05,68.32641139765884,1019708.0,8.275233760966017,2535533.94,2662.72,2.4865294182256097
Karnataka,2018,13844.99,10.300628184240823,1082614.0,6.169020935405034,3715082.76,4206.0,3.4315857360056308
Kerala,2006,100.14,,115103.0,,0.0,437.42,0.0
Kerala,2010,171.9,6.340859882462113,155709.0,6.898942743374992,0.0,118.07,0.0
Kerala,2010,171.9,6.340859882462113,155709.0,6.898942743374992,0.0,152.5,0.0
Lakshadweep,2022,0.0,-100.0,600.0,11.111111111111116,0.0,0.0,0.0
Madhya Pradesh,2006,109.56,,101627.0,,3716644.39,3891.0,36.57142678618871
Madhya Pradesh,2006,109.56,,101627.0,,0.0,17.81,0.0
Madhya Pradesh,2006,109.56,,101627.0,,0.0,15.38,0.0
Madhya Pradesh,2006,109.56,,101627.0,,0.0,16.03,0.0
Madhya Pradesh,2007,259.96,137.2763782402336,108376.0,6.640951715587384,3672440.89,3861.0,33.88610845574666
Madhya Pradesh,2007,259.96,137.2763782402336,108376.0,6.640951715587384,0.0,138.64,0.0
Madhya Pradesh,2007,259.96,137.2763782402336,108376.0,6.640951715587384,0.0,164.25,0.0
Madhya Pradesh,2007,259.96,137.2763782402336,108376.0,6.640951715587384,0.0,198.6,0.0
Madhya Pradesh,2007,259.96,137.2763782402336,108376.0,6.640951715587384,0.0,190.31,0.0
Madhya Pradesh,2007,259.96,137.2763782402336,108376.0,6.640951715587384,0.0,198.68,0.0
Madhya Pradesh,2007,259.96,137.2763782402336,108376.0,6.640951715587384,0.0,192.42,0.0
Madhya Pradesh,2007,259.96,137.2763782402336,108376.0,6.640951715587384,0.0,195.05,0.0
Madhya Pradesh,2007,259.96,137.2763782402336,108376.0,6.640951715587384,0.0,185.44,0.0
Madhya Pradesh,2008,285.06,9.655331589475313,117772.0,8.669816195467629,1637479.34,1638.05,13.903808545324866
Madhya Pradesh,2008,285.06,9.655331589475313,117772.0,8.669816195467629,2660371.32,2703.3,22.58916652515029
Madhya Pradesh,2012,525.48,11.057570377884861,351683.0,11.44656200683225,1483256.34,1414.0,4.217594652001945
Madhya Pradesh,2012,525.48,11.057570377884861,351683.0,11.44656200683225,3406415.76,3693.0,9.686040439827913
Madhya Pradesh,2013,882.73,67.98546091192814,365134.0,3.824751267476678,1725001.9,1646.0,4.724298202851555
Madhya Pradesh,2013,882.73,67.98546091192814,365134.0,3.824751267476678,2858714.64,2841.87,7.829220614897545
Madhya Pradesh,2013,882.73,67.98546091192814,365134.0,3.824751267476678,293263.35,237.6,0.8031663717977509
Madhya Pradesh,2013,882.73,67.98546091192814,365134.0,3.824751267476678,4258174.85,4715.3,11.661951091927895
Madhya Pradesh,2013,882.73,67.98546091192814,365134.0,3.824751267476678,4735747.59,5191.9,12.969889383075802
Madhya Pradesh,2013,882.73,67.98546091192814,365134.0,3.824751267476678,1876791.59,1885.64,5.140007750579239
Madhya Pradesh,2013,882.73,67.98546091192814,365134.0,3.824751267476678,1676071.05,1694.31,4.5902902769942
Madhya Pradesh,2013,882.73,67.98546091192814,365134.0,3.824751267476678,3611681.13,3477.9,9.891385436579448
Madhya Pradesh,2013,882.73,67.98546091192814,365134.0,3.824751267476678,3402490.37,3566.0,9.318470397169259
Madhya Pradesh,2014,1560.74,76.80831058194464,383944.0,5.1515334096523535,3697291.33,4300.0,9.62976717958869
Madhya Pradesh,2014,1560.74,76.80831058194464,383944.0,5.1515334096523535,4682249.39,5068.7,12.195136243827223
Madhya Pradesh,2014,1560.74,76.80831058194464,383944.0,5.1515334096523535,4412942.88,4841.3,11.493714916758694
Madhya Pradesh,2014,1560.74,76.80831058194464,383944.0,5.1515334096523535,4866966.26,5375.1,12.676239920405058
Madhya Pradesh,2014,1560.74,76.80831058194464,383944.0,5.1515334096523535,3240295.31,3182.54,8.439499796845373
Madhya Pradesh,2015,3038.63,94.69162064149057,418736.0,9.061738170149813,3781886.93,3931.05,9.031673727599252
Madhya Pradesh,2015,3038.63,94.69162064149057,418736.0,9.061738170149813,4349097.71,5081.0,10.386252220969775
Madhya Pradesh,2015,3038.63,94.69162064149057,418736.0,9.061738170149813,4867405.89,5352.2,11.624044481487141
Madhya Pradesh,2015,3038.63,94.69162064149057,418736.0,9.061738170149813,3335717.09,3506.0,7.966157889457796
Madhya Pradesh,2016,3533.99,16.30208350473732,470669.0,12.402325092659815,3864657.45,4009.0,8.210987870456734
Madhya Pradesh,2016,3533.99,16.30208350473732,470669.0,12.402325092659815,3394039.54,3372.36,7.211096418077248
Madhya Pradesh,2018,4576.709999999999,13.940623638513694,543235.0,9.280389135428946,4267769.94,4734.16,7.856213130597256
Madhya Pradesh,2018,4576.709999999999,13.940623638513694,543235.0,9.280389135428946,3444759.25,3422.97,6.341195339033751
Madhya Pradesh,2018,4576.709999999999,13.940623638513694,543235.0,9.280389135428946,3940328.07,4322.35,7.253450293151214
Madhya Pradesh,2019,4995.01,9.139753228847812,575554.0,5.949358933058435,3107524.0,3478.12,5.399187565371799
Madhya Pradesh,2019,4995.01,9.139753228847812,575554.0,5.949358933058435,293263.35,237.6,0.5095322941027254
Madhya Pradesh,2019,4995.01,9.139753228847812,575554.0,5.949358933058435,2984846.25,3092.46,5.186040319413991
Madhya Pradesh,2020,5291.97,5.945133242976497,564514.0,-1.9181519023410476,3168758.58,3699.42,5.613250654545326
Madhya Pradesh,2021,5468.879999999999,3.3429894727294185,596584.0,5.680992854030187,4154361.31,4661.18,6.963581507382028
Maharashtra,2006,1773.0300000000002,,388611.0,,106516.69,258.2,0.27409592111391595
Maharashtra,2006,1773.0300000000002,,388611.0,,106516.69,258.2,0.27409592111391595
Maharashtra,2006,1773.0300000000002,,388611.0,,118768.62,287.9,0.30562341261570053
Maharashtra,2006,1773.0300000000002,,388611.0,,0.0,3548.3,0.0
Maharashtra,2007,2081.23,17.382672600012405,427818.0,10.0890093178011,1321572.54,1257.73,3.089099897620016
Maharashtra,2007,2081.23,17.382672600012405,427818.0,10.0890093178011,50143.65,121.55,0.11720790149082087
Maharashtra,2007,2081.23,17.382672600012405,427818.0,10.0890093178011,50143.65,121.55,0.11720790149082087
Maharashtra,2007,2081.23,17.382672600012405,427818.0,10.0890093178011,55911.35,135.53,0.13068956892884356
Maharashtra,2008,2335.73,12.228345737856937,442320.0,3.389759196667752,1614477.53,1570.49,3.65002154548743
Maharashtra,2008,2335.73,12.228345737856937,442320.0,3.389759196667752,0.0,33.77,0.0
Maharashtra,2008,2335.73,12.228345737856937,442320.0,3.389759196667752,0.0,66.22,0.0
Maharashtra,2009,2541.58,8.81309055413082,480335.0,8.59445650207995,1168809.78,1275.0,2.433322118937825
Maharashtra,2010,2998.88,17.99274467063796,507190.0,5.590889691569423,1652694.42,1802.62,3.258531161891993
Maharashtra,2010,2998.88,17.99274467063796,507190.0,5.590889691569423,0.0,0.0,0.0
Maharashtra,2010,2998.88,17.99274467063796,507190.0,5.590889691569423,0.0,0.0,0.0
Maharashtra,2010,2998.88,17.99274467063796,507190.0,5.590889691569423,1681944.45,1648.75,3.31620191644157
Maharashtra,2010,2998.88,17.99274467063796,507190.0,5.590889691569423,1287419.1,1228.96,2.5383369151599995
Maharashtra,2010,2998.88,17.99274467063796,507190.0,5.590889691569423,934521.02,891.56,1.842546225280467
Maharashtra,2010,2998.88,17.99274467063796,507190.0,5.590889691569423,1008800.36,957.47,1.9889989155937617
Maharashtra,2010,2998.88,17.99274467063796,507190.0,5.590889691569423,871346.83,817.48,1.7179889784893234
Maharashtra,2011,3638.33,21.322960571946847,1280369.0,152.44366016680138,0.0,0.0,0.0
Maharashtra,2011,3638.33,21.322960571946847,1280369.0,152.44366016680138,0.0,0.0,0.0
Maharashtra,2011,3638.33,21.322960571946847,1280369.0,152.44366016680138,3326786.06,3362.68,2.5983025674629734
Maharashtra,2011,3638.33,21.322960571946847,1280369.0,152.44366016680138,0.0,0.0,0.0
Maharashtra,2011,3638.33,21.322960571946847,1280369.0,152.44366016680138,0.0,0.0,0.0
Maharashtra,2011,3638.33,21.322960571946847,1280369.0,152.44366016680138,0.0,0.0,0.0
Maharashtra,2011,3638.33,21.322960571946847,1280369.0,152.44366016680138,870493.26,815.58,0.6798768636229087
Maharashtra,2012,4178.68,14.85159400054421,1357942.0,6.058644031525295,3142870.44,2950.55,2.3144364339566783
Maharashtra,2012,4178.68,14.85159400054421,1357942.0,6.058644031525295,0.0,0.0,0.0
Maharashtra,2012,4178.68,14.85159400054421,1357942.0,6.058644031525295,0.0,0.0,0.0
Maharashtra,2012,4178.68,14.85159400054421,1357942.0,6.058644031525295,0.0,0.0,0.0
Maharashtra,2012,4178.68,14.85159400054421,1357942.0,6.058644031525295,3073079.45,3229.84,2.2630417573062767
Maharashtra,2012,4178.68,14.85159400054421,1357942.0,6.058644031525295,3470854.02,3837.8,2.5559663225675324
Maharashtra,2013,5617.48,34.43192587132777,1451615.0,6.898159126089332,2222240.92,2014.0,1.5308748669585255
Maharashtra,2013,5617.48,34.43192587132777,1451615.0,6.898159126089332,1761607.88,1637.2,1.213550342205061
Maharashtra,2013,5617.48,34.43192587132777,1451615.0,6.898159126089332,1928906.19,2001.0,1.3288001226220452
Maharashtra,2013,5617.48,34.43192587132777,1451615.0,6.898159126089332,1999602.07,1978.0,1.3775016584976045
Maharashtra,2013,5617.48,34.43192587132777,1451615.0,6.898159126089332,2051453.55,2053.0,1.4132215153467
Maharashtra,2013,5617.48,34.43192587132777,1451615.0,6.898159126089332,3060399.73,3243.9,2.1082723242733095
Maharashtra,2013,5617.48,34.43192587132777,1451615.0,6.898159126089332,3733201.86,4134.02,2.571757566572404
Maharashtra,2013,5617.48,34.43192587132777,1451615.0,6.898159126089332,3598115.38,3989.11,2.4786981258804848
Maharashtra,2014,6175.58,9.935059848900218,1543165.0,6.306768668000817,1696956.25,1538.0,1.0996596281019853
Maharashtra,2014,6175.58,9.935059848900218,1543165.0,6.306768668000817,3360644.5,3161.98,2.1777609652888708
Maharashtra,2014,6175.58,9.935059848900218,1543165.0,6.306768668000817,0.0,0.0,0.0
Maharashtra,2014,6175.58,9.935059848900218,1543165.0,6.306768668000817,2022541.58,2094.0,1.310645057398269
Maharashtra,2014,6175.58,9.935059848900218,1543165.0,6.306768668000817,0.0,0.0,0.0
Maharashtra,2014,6175.58,9.935059848900218,1543165.0,6.306768668000817,3586972.07,3990.16,2.3244254956534136
Maharashtra,2014,6175.58,9.935059848900218,1543165.0,6.306768668000817,3736870.94,4144.97,2.42156278816588
Maharashtra,2015,6600.57,6.88178276372422,1654284.0,7.200720596954957,1923270.65,1742.0,1.1626000432815646
Maharashtra,2015,6600.57,6.88178276372422,1654284.0,7.200720596954957,1926003.79,1746.0,1.1642522021611768
Maharashtra,2015,6600.57,6.88178276372422,1654284.0,7.200720596954957,2167271.97,1964.0,1.3100966762659858
Maharashtra,2015,6600.57,6.88178276372422,1654284.0,7.200720596954957,3256360.69,3443.72,1.9684411443258836
Maharashtra,2015,6600.57,6.88178276372422,1654284.0,7.200720596954957,3882500.17,3952.09,2.346936904425117
Maharashtra,2016,7634.879999999999,15.670010317290783,1807046.0,9.234327358543037,3153884.99,3361.1,1.7453263447637748
Maharashtra,2016,7634.879999999999,15.670010317290783,1807046.0,9.234327358543037,3727212.98,3783.86,2.0625999448824213
Maharashtra,2016,7634.879999999999,15.670010317290783,1807046.0,9.234327358543037,3139560.44,3215.99,1.7373992914402843
Maharashtra,2016,7634.879999999999,15.670010317290783,1807046.0,9.234327358543037,3043613.51,3390.68,1.6843032828162647
Maharashtra,2016,7634.879999999999,15.670010317290783,1807046.0,9.234327358543037,1198670.36,1137.77,0.663331403849155
Maharashtra,2016,7634.879999999999,15.670010317290783,1807046.0,9.234327358543037,0.0,0.0,0.0
Maharashtra,2017,8582.69,12.41420952261203,1888706.0,4.518977380763967,3844298.02,4200.08,2.0354136747593325
Maharashtra,2017,8582.69,12.41420952261203,1888706.0,4.518977380763967,0.0,0.0,0.0
Maharashtra,2017,8582.69,12.41420952261203,1888706.0,4.518977380763967,0.0,0.0,0.0
Maharashtra,2017,8582.69,12.41420952261203,1888706.0,4.518977380763967,0.0,0.0,0.0
Maharashtra,2017,8582.69,12.41420952261203,1888706.0,4.518977380763967,0.0,0.0,0.0
Maharashtra,2017,8582.69,12.41420952261203,1888706.0,4.518977380763967,217411.0,179.94,0.11511108663815332
Maharashtra,2017,8582.69,12.41420952261203,1888706.0,4.518977380763967,2874181.46,3044.0,1.5217728222391416
Maharashtra,2019,9710.4,4.055645509556971,2043983.0,3.5998195604573846,3270732.13,3658.0,1.6001757989180927
Maharashtra,2024,22762.77,9.248360994058302,2011148.0,-0.2935941737272407,138554.19,130.82,0.06889308494451925
Meghalaya,2011,31.03,0.0,19918.0,141.31330264114368,0.0,130.57,0.0
Meghalaya,2012,31.03,0.0,20354.0,2.188974796666332,0.0,166.56,0.0
Meghalaya,2013,31.03,0.0,20726.0,1.8276505846516633,0.0,5.39,0.0
Meghalaya,2017,44.85,44.49097938144328,22564.0,3.838011965025312,0.0,91.9,0.0
Meghalaya,2017,44.85,44.49097938144328,22564.0,3.838011965025312,0.0,70.87,0.0
Odisha,2019,521.6899999999999,0.5997146052682201,410261.0,6.0656826930783225,5459122.51,6181.62,13.306462252078555
Odisha,2021,617.09,7.623216714918568,427593.0,10.111297665890696,4521342.84,5158.96,10.573940265626424
Punjab,2008,152.22,-0.007673295989951701,103826.0,6.404173114565936,1815777.27,1498.08,17.488656694854853
Punjab,2008,152.22,-0.007673295989951701,103826.0,6.404173114565936,1749742.98,1470.56,16.852647506404946
Punjab,2014,483.16999999999996,54.09663530537392,312125.0,4.232760060110197,4267333.38,4888.34,13.671873063676411
Punjab,2014,483.16999999999996,54.09663530537392,312125.0,4.232760060110197,4315814.06,4985.32,13.827197629154984
Punjab,2014,483.16999999999996,54.09663530537392,312125.0,4.232760060110197,3113595.79,3439.1,9.975477100520624
Punjab,2015,731.46,51.38771032969765,330052.0,5.743532238686422,3012074.08,3318.73,9.12605916643438
Punjab,2016,1143.85,56.37902277636506,352721.0,6.8683116599808525,1106739.35,1068.23,3.1377189053104297
Punjab,2016,1143.85,56.37902277636506,352721.0,6.8683116599808525,1197517.65,1149.55,3.3950846419691483
Punjab,2016,1143.85,56.37902277636506,352721.0,6.8683116599808525,3209465.77,3520.57,9.099162709336841
Rajasthan,2007,586.0999999999999,13.343647263585368,135654.0,9.100121442186282,0.0,0.0,0.0
Rajasthan,2007,586.0999999999999,13.343647263585368,135654.0,9.100121442186282,475.51,0.86,0.0035053149925545874
Rajasthan,2007,586.0999999999999,13.343647263585368,135654.0,9.100121442186282,10664.36,19.23,0.07861441608798857
Rajasthan,2007,586.0999999999999,13.343647263585368,135654.0,9.100121442186282,3204.35,5.78,0.023621492915800492
Rajasthan,2009,1143.6,44.08466675066145,148200.0,2.512312544961537,1624066.25,1531.77,10.958611673414305
Rajasthan,2009,1143.6,44.08466675066145,148200.0,2.512312544961537,909136.89,748.07,6.1345269230769235
Rajasthan,2009,1143.6,44.08466675066145,148200.0,2.512312544961537,1474317.96,1417.29,9.948164372469636
Rajasthan,2009,1143.6,44.08466675066145,148200.0,2.512312544961537,1051855.79,993.42,7.097542442645074
Rajasthan,2010,1627.3,42.29625743266878,158315.0,6.825236167341431,935511.11,768.33,5.909175441366895
Rajasthan,2010,1627.3,42.29625743266878,158315.0,6.825236167341431,1687824.38,1587.73,10.66117790481003
Rajasthan,2010,1627.3,42.29625743266878,158315.0,6.825236167341431,881194.71,734.67,5.566084767709945
Rajasthan,2010,1627.3,42.29625743266878,158315.0,6.825236167341431,0.0,1777.35,0.0
Rajasthan,2010,1627.3,42.29625743266878,158315.0,6.825236167341431,0.0,1582.31,0.0
Rajasthan,2011,2375.4500000000003,45.97492779450625,434837.0,174.66569813346808,859566.68,710.28,1.976756071815416
Rajasthan,2011,2375.4500000000003,45.97492779450625,434837.0,174.66569813346808,0.0,0.0,0.0
Rajasthan,2011,2375.4500000000003,45.97492779450625,434837.0,174.66569813346808,987718.57,820.71,2.2714685502843595
Rajasthan,2011,2375.4500000000003,45.97492779450625,434837.0,174.66569813346808,950733.23,795.83,2.186412908745116
Rajasthan,2011,2375.4500000000003,45.97492779450625,434837.0,174.66569813346808,212218.24,204.06,0.4880408980836497
Rajasthan,2012,3352.7,41.139573554484386,454564.0,4.536642466027496,213749.12,205.53,0.4702288786617506
Rajasthan,2013,3640.15,8.57368687923168,486230.0,6.966235777580265,1148595.6,1095.9,2.3622474960409683
Rajasthan,2013,3640.15,8.57368687923168,486230.0,6.966235777580265,1033460.79,852.79,2.125456656314913
Rajasthan,2013,3640.15,8.57368687923168,486230.0,6.966235777580265,906905.56,746.27,1.86517812557843
Rajasthan,2013,3640.15,8.57368687923168,486230.0,6.966235777580265,1086213.92,896.32,2.233950846307303
Rajasthan,2013,3640.15,8.57368687923168,486230.0,6.966235777580265,891933.32,734.61,1.8343856199740862
Rajasthan,2013,3640.15,8.57368687923168,486230.0,6.966235777580265,3669665.28,4059.15,7.5471798942887105
Rajasthan,2013,3640.15,8.57368687923168,486230.0,6.966235777580265,3924083.12,4336.56,8.070425765584188
Rajasthan,2013,3640.15,8.57368687923168,486230.0,6.966235777580265,110870.18,329.89,0.22802003167225385
Rajasthan,2014,4386.25,20.4964081150502,521509.0,7.25561976842235,1273277.75,1159.93,2.4415259372321474
Rajasthan,2014,4386.25,20.4964081150502,521509.0,7.25561976842235,3290345.92,3129.8,6.3092792645956255
Rajasthan,2014,4386.25,20.4964081150502,521509.0,7.25561976842235,40333.4,120.01,0.07733979662862961
Rajasthan,2015,5396.03,23.02148760330578,563340.0,8.021146327292538,3589107.52,3451.2,6.371121383178897
Rajasthan,2017,6775.64,8.622270672352439,628020.0,5.240755698404342,3362040.59,3323.86,5.353397328110569
Rajasthan,2019,9582.779999999999,24.91142725303257,679564.0,5.69814085225584,3356239.69,3459.28,4.938813253792137
Rajasthan,2020,10401.35,8.54209321303423,660118.0,-2.8615406348776573,3086473.37,2967.93,4.675638855477354
Rajasthan,2021,17040.620000000003,63.83084888019346,697081.0,5.599453431053236,3182949.77,3102.11,4.566111786148238
Sikkim,2008,39.11,0.0,1756.0,7.995079950799511,0.0,682.74,0.0
Sikkim,2008,39.11,0.0,1756.0,7.995079950799511,0.0,615.23,0.0
Sikkim,2008,39.11,0.0,1756.0,7.995079950799511,0.0,658.18,0.0
Sikkim,2013,52.11,0.0,12114.0,6.067769897557129,0.0,251.48,0.0
Sikkim,2013,52.11,0.0,12114.0,6.067769897557129,0.0,219.23,0.0
Sikkim,2015,52.11,0.0,14370.0,9.93803075510673,0.0,182.99,0.0
Sikkim,2015,52.11,0.0,14370.0,9.93803075510673,0.0,172.15,0.0
Sikkim,2017,52.11,0.0,17673.0,14.782100409170628,0.0,196.84,0.0
Sikkim,2017,52.11,0.0,17673.0,14.782100409170628,0.0,195.27,0.0
Sikkim,2017,52.11,0.0,17673.0,14.782100409170628,0.0,249.2,0.0
Sikkim,2017,52.11,0.0,17673.0,14.782100409170628,0.0,181.83,0.0
Sikkim,2017,52.11,0.0,17673.0,14.782100409170628,0.0,688.04,0.0
Sikkim,2017,52.11,0.0,17673.0,14.782100409170628,0.0,701.58,0.0
Sikkim,2017,52.11,0.0,17673.0,14.782100409170628,0.0,755.88,0.0
Sikkim,2017,52.11,0.0,17673.0,14.782100409170628,0.0,687.83,0.0
Sikkim,2017,52.11,0.0,17673.0,14.782100409170628,0.0,694.0,0.0
Sikkim,2017,52.11,0.0,17673.0,14.782100409170628,0.0,743.95,0.0
Sikkim,2021,56.79,5.069380203515261,21699.0,6.1906626211216675,0.0,205.16,0.0
Sikkim,2021,56.79,5.069380203515261,21699.0,6.1906626211216675,0.0,189.69,0.0
Tamil Nadu,2006,3798.04,,209302.0,,0.0,0.0,0.0
Tamil Nadu,2006,3798.04,,209302.0,,0.0,54.19,0.0
Tamil Nadu,2006,3798.04,,209302.0,,0.0,23.52,0.0
Tamil Nadu,2008,4727.95,11.150423753717398,228479.0,4.548865643503652,166171.86,375.87,0.7272959878150727
Tamil Nadu,2008,4727.95,11.150423753717398,228479.0,4.548865643503652,65303.33,147.72,0.28581764626070666
Tamil Nadu,2012,7841.04,2.385099720828676,791824.0,5.367764668935959,3027750.28,2958.95,3.823766746145608
Tamil Nadu,2012,7841.04,2.385099720828676,791824.0,5.367764668935959,1037007.7,797.87,1.3096441886075694
Tamil Nadu,2012,7841.04,2.385099720828676,791824.0,5.367764668935959,839262.36,837.0,1.0599102325769363
Tamil Nadu,2012,7841.04,2.385099720828676,791824.0,5.367764668935959,0.0,16.97,0.0
Tamil Nadu,2013,8062.21,2.820671747625325,851976.0,7.5966376366465305,2979381.1,2839.41,3.4970246814464256
Tamil Nadu,2013,8062.21,2.820671747625325,851976.0,7.5966376366465305,3160259.62,3073.9,3.7093293942552372
Tamil Nadu,2013,8062.21,2.820671747625325,851976.0,7.5966376366465305,0.0,0.0,0.0
Tamil Nadu,2013,8062.21,2.820671747625325,851976.0,7.5966376366465305,0.0,0.0,0.0
Tamil Nadu,2013,8062.21,2.820671747625325,851976.0,7.5966376366465305,2236398.21,2190.0,2.624954470548466
Tamil Nadu,2013,8062.21,2.820671747625325,851976.0,7.5966376366465305,0.0,36.25,0.0
Tamil Nadu,2013,8062.21,2.820671747625325,851976.0,7.5966376366465305,0.0,18.15,0.0
Tamil Nadu,2013,8062.21,2.820671747625325,851976.0,7.5966376366465305,0.0,16.31,0.0
Tamil Nadu,2014,8382.93,3.9780655676297183,893915.0,4.922556503939068,2199190.39,2214.05,2.4601784174110515
Tamil Nadu,2014,8382.93,3.9780655676297183,893915.0,4.922556503939068,0.0,5956.83,0.0
Tamil Nadu,2015,9440.63,12.617306836631093,967562.0,8.238702784940411,3494885.66,3803.1,3.612053449804767
Tamil Nadu,2015,9440.63,12.617306836631093,967562.0,8.238702784940411,1278600.4,1006.58,1.3214661179335276
Tamil Nadu,2015,9440.63,12.617306836631093,967562.0,8.238702784940411,2404209.32,2316.24,2.484811639977593
Tamil Nadu,2015,9440.63,12.617306836631093,967562.0,8.238702784940411,2837402.15,2751.87,2.932527476275422
Tamil Nadu,2015,9440.63,12.617306836631093,967562.0,8.238702784940411,3037249.75,3076.0,3.1390750670241285
Tamil Nadu,2016,10554.34,11.796988124733222,1036762.0,7.151996461208698,2858428.88,3108.0,2.75707334952477
Tamil Nadu,2016,10554.34,11.796988124733222,1036762.0,7.151996461208698,2920991.21,2922.69,2.8174173146778143
Tamil Nadu,2017,11183.26,5.958875685263121,1125793.0,8.587409646572697,0.0,5874.04,0.0
Tamil Nadu,2019,14347.22,13.227628475124153,1278559.0,6.133811252404198,4109647.4,3425.9,3.214280608090827
Tamil Nadu,2021,16099.3,5.234706477183648,1364176.0,5.206997367850752,3854753.72,3211.43,2.825701170523452
Tamil Nadu,2021,16099.3,5.234706477183648,1364176.0,5.206997367850752,2623411.35,2864.87,1.9230739655293745
Telangana,2008,267.7520567648606,1.4584117425666898,360503.125,0.0,0.0,22.07,0.0
Telangana,2008,267.7520567648606,1.4584117425666898,360503.125,0.0,0.0,17.14,0.0
Telangana,2009,278.38797728613895,3.9723020804351084,360503.125,0.0,0.0,6.4,0.0
Telangana,2010,309.6749652786942,11.23862757923526,360503.125,0.0,3336481.29,3521.31,9.255068981718258
Telangana,2010,309.6749652786942,11.23862757923526,360503.125,0.0,0.0,4.23,0.0
Telangana,2010,309.6749652786942,11.23862757923526,360503.125,0.0,0.0,16.4,0.0
Telangana,2010,309.6749652786942,11.23862757923526,360503.125,0.0,0.0,22.83,0.0
Telangana,2011,351.1012549355039,13.377345378735361,359434.0,-0.29656469690796383,2908317.03,3165.27,8.091379863897126
Telangana,2011,351.1012549355039,13.377345378735361,359434.0,-0.29656469690796383,0.0,15.81,0.0
Telangana,2015,605.5400000000001,888.6367346938777,464542.0,11.57970081569517,4020545.78,4219.0,8.65485958212605
Telangana,2015,605.5400000000001,888.6367346938777,464542.0,11.57970081569517,0.0,56.23,0.0
Telangana,2015,605.5400000000001,888.6367346938777,464542.0,11.57970081569517,0.0,17.29,0.0
Telangana,2016,1545.8799999999999,155.28949367506684,507946.0,9.343396291400996,3545809.75,3800.75,6.980682493808397
Telangana,2016,1545.8799999999999,155.28949367506684,507946.0,9.343396291400996,4226989.35,4507.78,8.321729770487414
Telangana,2016,1545.8799999999999,155.28949367506684,507946.0,9.343396291400996,0.0,8.47,0.0
Telangana,2016,1545.8799999999999,155.28949367506684,507946.0,9.343396291400996,0.0,14.84,0.0
Telangana,2016,1545.8799999999999,155.28949367506684,507946.0,9.343396291400996,0.0,8.35,0.0
Telangana,2016,1545.8799999999999,155.28949367506684,507946.0,9.343396291400996,0.0,5.88,0.0
Telangana,2016,1545.8799999999999,155.28949367506684,507946.0,9.343396291400996,0.0,53.55,0.0
Telangana,2017,3642.02,135.59525965792946,557410.0,9.738043020321063,0.0,31.47,0.0
Telangana,2017,3642.02,135.59525965792946,557410.0,9.738043020321063,0.0,0.0,0.0
Telangana,2018,3988.66,9.517795069768976,608401.0,9.147844495075441,4842910.06,5756.62,7.96006262317123
Telangana,2018,3988.66,9.517795069768976,608401.0,9.147844495075441,0.0,16.45,0.0
Telangana,2020,4390.990000000001,9.097798162402327,616369.0,-3.4936008843211463,1701385.98,1624.72,2.7603367138840533
Telangana,2020,4390.990000000001,9.097798162402327,616369.0,-3.4936008843211463,1562841.66,1551.67,2.535561749536398
Telangana,2021,4959.1900000000005,12.94013422941067,684627.0,11.074210416163055,1559556.65,1515.12,2.277965446878373
Telangana,2022,4959.1865234375,-7.010343423541343e-05,719483.0,5.091239463240571,1667203.1,1616.68,2.3172237565029334
Telangana,2023,4959.1865234375,0.0,754339.0,4.844589795728327,1929368.39,2672.01,2.5576940738845533
Telangana,2024,4959.1865234375,0.0,752994.5,-0.17823551480170563,285759.17,567.27,0.3794970215585904
Tripura,2006,16.01,,8019.0,,11866.58,15.9,1.4798079561042523
Tripura,2010,16.01,0.0,9343.0,7.601059541633082,128809.54,157.03,13.786743016161832
Tripura,2013,16.01,0.0,22819.0,9.323048914866106,111497.74,149.39,4.886179937771156
Tripura,2013,16.01,0.0,22819.0,9.323048914866106,858260.34,2184.0,37.61165432315176
Tripura,2014,21.01,31.230480949406612,26965.0,18.169069634953328,873607.03,2199.0,32.39781309104395
Tripura,2015,21.01,0.0,26787.0,-0.6601149638420178,71146.53,123.71,2.656009631537686
Tripura,2015,21.01,0.0,26787.0,-0.6601149638420178,50326.41,87.5,1.8787624594019487
Tripura,2015,21.01,0.0,26787.0,-0.6601149638420178,201555.56,448.33,7.524379736439317
Tripura,2016,21.1,0.4283674440742402,30538.0,14.003061186396382,84057.3,186.97,2.7525476455563562
Uttar Pradesh,2006,146.98,,239070.0,,1032339.23,994.43,4.318146275149537
Uttar Pradesh,2006,146.98,,239070.0,,1167150.83,1133.16,4.882046388087171
Uttar Pradesh,2006,146.98,,239070.0,,1156023.35,1093.0,4.835501526749488
Uttar Pradesh,2010,617.98,4.303942749122336,313640.0,6.37778290303761,2383179.78,2415.0,7.598456128044892
Uttar Pradesh,2010,617.98,4.303942749122336,313640.0,6.37778290303761,2622545.28,2766.0,8.36164162734345
Uttar Pradesh,2010,617.98,4.303942749122336,313640.0,6.37778290303761,1627219.0,1658.85,5.188174340007652
Uttar Pradesh,2010,617.98,4.303942749122336,313640.0,6.37778290303761,1917278.33,1940.92,6.112990466777197
Uttar Pradesh,2011,681.98,10.356322211074787,724050.0,130.85384517280957,3326957.51,3492.54,4.594927850286582
Uttar Pradesh,2011,681.98,10.356322211074787,724050.0,130.85384517280957,3906054.77,4175.03,5.394730709205166
Uttar Pradesh,2011,681.98,10.356322211074787,724050.0,130.85384517280957,193926.01,160.68,0.26783510807264693
Uttar Pradesh,2011,681.98,10.356322211074787,724050.0,130.85384517280957,1176222.02,1128.76,1.6245038602306472
Uttar Pradesh,2011,681.98,10.356322211074787,724050.0,130.85384517280957,198612.21,164.99,0.274307313030868
Uttar Pradesh,2011,681.98,10.356322211074787,724050.0,130.85384517280957,173353.39,143.78,0.23942184931979837
Uttar Pradesh,2011,681.98,10.356322211074787,724050.0,130.85384517280957,196916.12,162.79,0.27196480906014775
Uttar Pradesh,2011,681.98,10.356322211074787,724050.0,130.85384517280957,1702919.73,1781.15,2.3519366480215456
Uttar Pradesh,2012,818.98,20.088565647086433,758205.0,4.717215661901797,186070.44,154.12,0.24540914396502264
Uttar Pradesh,2012,818.98,20.088565647086433,758205.0,4.717215661901797,1124365.17,1084.53,1.482930302490751
Uttar Pradesh,2012,818.98,20.088565647086433,758205.0,4.717215661901797,175814.81,146.37,0.2318829472240357
Uttar Pradesh,2012,818.98,20.088565647086433,758205.0,4.717215661901797,180708.22,150.45,0.2383368877810091
Uttar Pradesh,2012,818.98,20.088565647086433,758205.0,4.717215661901797,186146.04,154.06,0.24550885314657647
Uttar Pradesh,2012,818.98,20.088565647086433,758205.0,4.717215661901797,1122986.71,1099.5,1.4811122453689964
Uttar Pradesh,2012,818.98,20.088565647086433,758205.0,4.717215661901797,3357492.9,3550.0,4.428212554652106
Uttar Pradesh,2012,818.98,20.088565647086433,758205.0,4.717215661901797,1562100.45,1647.38,2.0602613409302233
Uttar Pradesh,2012,818.98,20.088565647086433,758205.0,4.717215661901797,187573.35,156.64,0.2473913387540309
Uttar Pradesh,2012,818.98,20.088565647086433,758205.0,4.717215661901797,182164.07,151.47,0.24025701492340462
Uttar Pradesh,2013,822.6800000000001,0.4517814842853296,802070.0,5.7853746678009355,1495650.73,1468.46,1.8647384018851223
Uttar Pradesh,2013,822.6800000000001,0.4517814842853296,802070.0,5.7853746678009355,3667226.71,3901.0,4.5722028127220815
Uttar Pradesh,2015,1038.6,5.456613122677334,908241.0,8.84541820064426,2963029.3,3192.81,3.2623822311479
Uttar Pradesh,2015,1038.6,5.456613122677334,908241.0,8.84541820064426,3483886.65,3902.22,3.8358614618807123
Uttar Pradesh,2015,1038.6,5.456613122677334,908241.0,8.84541820064426,3419654.56,3834.48,3.7651400454284714
Uttar Pradesh,2015,1038.6,5.456613122677334,908241.0,8.84541820064426,3395118.69,3819.76,3.7381253323732357
Uttar Pradesh,2016,2294.83,120.95416907375314,1011500.0,11.369118989343141,3412799.58,3676.27,3.37399859614434
Uttar Pradesh,2016,2294.83,120.95416907375314,1011500.0,11.369118989343141,3527321.31,3970.98,3.487218299555116
Uttar Pradesh,2016,2294.83,120.95416907375314,1011500.0,11.369118989343141,3710024.99,4119.33,3.6678447750865053
Uttar Pradesh,2017,2835.02,23.53943429360781,1056399.0,4.438853188334146,3586150.1,4034.32,3.3946928196637822
Uttar Pradesh,2017,2835.02,23.53943429360781,1056399.0,4.438853188334146,2282076.82,2266.0,2.1602413671349554
Uttar Pradesh,2019,3235.71,4.353841539518366,1137626.0,3.269490354563187,3800078.49,4134.0,3.3403583339339997
Uttar Pradesh,2021,4483.5199999999995,10.391557736484547,1109878.0,1.8599281212027696,3692692.15,4039.0,3.327115367635001
Uttar Pradesh,2022,4483.516460418701,-7.894648174078256e-05,1130145.0,1.8260565575675791,2974240.9,3370.02,2.6317338925536102
Uttar Pradesh,2024,4483.516460418701,0.0,1147555.0,-0.24825910044323773,0.0,0.0,0.0
Uttar Pradesh,2024,4483.516460418701,0.0,1147555.0,-0.24825910044323773,0.0,0.0,0.0
Uttarakhand,2006,75.72,,23103.0,,0.0,838.58,0.0
Uttarakhand,2006,75.72,,23103.0,,0.0,670.78,0.0
Uttarakhand,2006,75.72,,23103.0,,0.0,343.25,0.0
Uttarakhand,2006,75.72,,23103.0,,0.0,380.37,0.0
Uttarakhand,2006,75.72,,23103.0,,0.0,519.68,0.0
Uttarakhand,2006,75.72,,23103.0,,0.0,376.09,0.0
Uttarakhand,2007,105.17,38.893291072371895,25482.0,10.297363978704066,0.0,897.61,0.0
Uttarakhand,2007,105.17,38.893291072371895,25482.0,10.297363978704066,0.0,825.35,0.0
Uttarakhand,2008,105.17,0.0,26968.0,5.831567380896319,0.0,1194.79,0.0
Uttarakhand,2008,105.17,0.0,26968.0,5.831567380896319,0.0,0.0,0.0
Uttarakhand,2008,105.17,0.0,26968.0,5.831567380896319,0.0,0.0,0.0
Uttarakhand,2008,105.17,0.0,26968.0,5.831567380896319,0.0,0.0,0.0
Uttarakhand,2011,185.87,28.478606483721556,115328.0,266.81933842239187,0.0,340.69,0.0
Uttarakhand,2011,185.87,28.478606483721556,115328.0,266.81933842239187,0.0,330.36,0.0
Uttarakhand,2012,189.87,2.1520417496099453,123710.0,7.267966148723648,0.0,306.37,0.0
Uttarakhand,2012,189.87,2.1520417496099453,123710.0,7.267966148723648,0.0,209.75,0.0
Uttarakhand,2013,209.87,10.533522936746188,134182.0,8.464958370382348,27827.79,67.25,0.2073883978476994
Uttarakhand,2015,326.48,33.628028814669285,152699.0,8.084061212644578,0.0,315.97,0.0
Uttarakhand,2015,326.48,33.628028814669285,152699.0,8.084061212644578,0.0,331.66,0.0
Uttarakhand,2015,326.48,33.628028814669285,152699.0,8.084061212644578,0.0,337.67,0.0
Uttarakhand,2015,326.48,33.628028814669285,152699.0,8.084061212644578,0.0,314.55,0.0
Uttarakhand,2016,515.81,57.99130115167848,167703.0,9.825866574109842,3887.64,247.87,0.02318169621294789
Uttarakhand,2016,515.81,57.99130115167848,167703.0,9.825866574109842,180578.89,430.23,1.076777934801405
Uttarakhand,2020,733.89,11.074282600799123,175910.0,-6.548162944388958,0.0,119.69,0.0
Uttarakhand,2020,733.89,11.074282600799123,175910.0,-6.548162944388958,0.0,116.81,0.0
Uttarakhand,2020,733.89,11.074282600799123,175910.0,-6.548162944388958,0.0,155.19,0.0
Uttarakhand,2023,931.7975244522095,0.0,194134.0,3.230369192646987,0.0,0.0,0.0
Uttarakhand,2023,931.7975244522095,0.0,194134.0,3.230369192646987,0.0,0.0,0.0
West Bengal,2007,98.45,-1.104972375690605,222683.0,8.653414524659908,1388936.48,1466.03,6.237281157519883
West Bengal,2007,98.45,-1.104972375690605,222683.0,8.653414524659908,1109921.49,939.7,4.984311734618269
West Bengal,2007,98.45,-1.104972375690605,222683.0,8.653414524659908,1691454.41,1644.63,7.595794964141851
West Bengal,2007,98.45,-1.104972375690605,222683.0,8.653414524659908,1644314.55,1540.97,7.3841045342482365
West Bengal,2007,98.45,-1.104972375690605,222683.0,8.653414524659908,1841414.7,1925.91,8.269219922490715
West Bengal,2007,98.45,-1.104972375690605,222683.0,8.653414524659908,1804644.45,1771.31,8.10409618156752
West Bengal,2007,98.45,-1.104972375690605,222683.0,8.653414524659908,0.0,1360.12,0.0
West Bengal,2007,98.45,-1.104972375690605,222683.0,8.653414524659908,0.0,0.0,0.0
West Bengal,2007,98.45,-1.104972375690605,222683.0,8.653414524659908,0.0,0.0,0.0
West Bengal,2007,98.45,-1.104972375690605,222683.0,8.653414524659908,0.0,0.0,0.0
West Bengal,2008,98.45,0.0,236806.0,6.342199449441588,1935015.4,2031.67,8.171310693141221
West Bengal,2009,119.85000000000001,21.73692229558153,253408.0,7.010802091163226,1517811.22,1582.33,5.989594724712716
West Bengal,2009,119.85000000000001,21.73692229558153,253408.0,7.010802091163226,1778315.29,1921.11,7.017597273961359
West Bengal,2010,119.85000000000001,0.0,269266.0,6.257892410657906,3383908.86,3450.34,12.567159834513083
West Bengal,2011,120.75,0.7509386733416612,520485.0,93.29770561452244,3472027.93,3516.06,6.670755026561765
West Bengal,2011,120.75,0.7509386733416612,520485.0,93.29770561452244,2852296.84,2944.0,5.4800750069646575
West Bengal,2011,120.75,0.7509386733416612,520485.0,93.29770561452244,3107736.95,3180.44,5.9708482473078
West Bengal,2011,120.75,0.7509386733416612,520485.0,93.29770561452244,1829131.75,1851.94,3.51428331267952
West Bengal,2012,126.45,4.720496894409942,542191.0,4.170341124143828,3138497.68,3195.52,5.788546250306626
West Bengal,2013,131.45000000000002,3.9541320680110736,558497.0,3.0074272719392336,0.0,91.16,0.0
West Bengal,2013,131.45000000000002,3.9541320680110736,558497.0,3.0074272719392336,0.0,109.36,0.0
West Bengal,2013,131.45000000000002,3.9541320680110736,558497.0,3.0074272719392336,0.0,101.65,0.0
West Bengal,2013,131.45000000000002,3.9541320680110736,558497.0,3.0074272719392336,0.0,114.64,0.0
West Bengal,2014,131.71,0.197793837961191,574364.0,2.841017946381097,1291607.97,1180.4,2.2487620568141455
West Bengal,2014,131.71,0.197793837961191,574364.0,2.841017946381097,3415275.78,3798.01,5.946187052113293
West Bengal,2015,132.27,0.425176524181925,609545.0,6.125209797271425,1954966.86,2102.0,3.2072560024280405
West Bengal,2015,132.27,0.425176524181925,609545.0,6.125209797271425,1975051.01,2123.0,3.2402054155148514
West Bengal,2015,132.27,0.425176524181925,609545.0,6.125209797271425,2845854.64,3076.08,4.668817954375805
West Bengal,2016,424.64,221.0402963634989,653416.0,7.1973357176254416,2936033.61,3157.23,4.493360447249532
West Bengal,2016,424.64,221.0402963634989,653416.0,7.1973357176254416,3368909.02,3587.4,5.155841026237496
West Bengal,2016,424.64,221.0402963634989,653416.0,7.1973357176254416,0.0,151.37,0.0
West Bengal,2016,424.64,221.0402963634989,653416.0,7.1973357176254416,0.0,150.75,0.0
West Bengal,2016,424.64,221.0402963634989,653416.0,7.1973357176254416,0.0,170.05,0.0
West Bengal,2016,424.64,221.0402963634989,653416.0,7.1973357176254416,0.0,162.83,0.0
West Bengal,2017,455.74,7.323850791258479,694980.0,6.361031869436928,960447.56,886.85,1.3819787044231489
West Bengal,2017,455.74,7.323850791258479,694980.0,6.361031869436928,855236.58,800.93,1.2305916429249761
West Bengal,2019,532.88,7.789712158909312,784424.0,6.134907899258812,60804.65,41.48,0.07751503013676277
