State,Year,Installed - Bio-Mass Power,Installed - Small Hydro Power,Installed - Solar Power,Installed - Wind Power,Zone,Installed - Waste to Energy,Population,GSDP (crore INR)
Andaman And Nicobar Islands,2006,0.0,5.25,0.1,0.0,South,0.0,366589.0,3114.06
Andaman And Nicobar Islands,2007,0.0,5.25,0.1,1.1,South,0.0,369517.0,3114.06
Andaman And Nicobar Islands,2008,0.0,5.25,0.1,1.1,South,0.0,372344.0,3114.06
Andaman And Nicobar Islands,2009,0.0,5.25,0.1,0.0,South,0.0,375072.0,3114.06
Andaman And Nicobar Islands,2010,0.0,5.25,0.1,0.0,South,0.0,377699.0,3114.06
Andaman And Nicobar Islands,2011,0.0,5.25,0.01,0.0,South,0.0,380581.0,3100.0
Andaman And Nicobar Islands,2012,0.0,5.25,5.1,0.0,South,0.0,382605.0,3450.0
Andaman And Nicobar Islands,2013,0.0,5.25,5.1,0.0,South,0.0,384620.0,3920.0
Andaman And Nicobar Islands,2014,0.0,5.25,5.1,0.0,South,0.0,386629.0,4240.0
Andaman And Nicobar Islands,2015,0.0,5.25,5.1,0.0,South,0.0,389639.0,4650.0
Andaman And Nicobar Islands,2016,0.0,5.25,6.56,0.0,South,0.0,391652.0,5240.0
Andaman And Nicobar Islands,2017,0.0,5.25,6.56,0.0,South,0.0,393673.0,6020.0
Andaman And Nicobar Islands,2018,0.0,5.25,11.73,0.0,South,0.0,394698.0,6850.0
Andaman And Nicobar Islands,2019,0.0,5.25,12.19,0.0,South,0.0,396696.0,7400.0
Andaman And Nicobar Islands,2020,0.0,5.25,29.46,0.0,South,0.0,398703.0,7020.0
Andaman And Nicobar Islands,2021,0.0,5.25,29.49,0.0,South,0.0,399716.0,7820.0
Andaman And Nicobar Islands,2022,0.0,5.25,29.488780975341797,8.481456461595371e-05,South,0.0,401742.0,8780.0
Andaman And Nicobar Islands,2023,0.0,5.25,29.488780975341797,8.481456461595371e-05,South,0.0,402758.0,8761.05
Andaman And Nicobar Islands,2024,0.0,5.25,29.488780975341797,8.481456461595371e-05,South,0.0,403767.0,8761.05
Andhra Pradesh,2006,176.577974434427,104.833097850945,0.0586150952479426,71.7448765834819,South,0.0,47362306.0,216140.0
Andhra Pradesh,2007,195.920955866248,105.993676736855,0.0586150952479426,71.8034916787298,South,0.0,47842505.0,239372.0
Andhra Pradesh,2008,201.372159724307,105.993676736855,0.0586150952479426,71.8034916787298,South,0.0,48305877.0,251431.0
Andhra Pradesh,2009,212.919333488152,109.510582451731,0.0586150952479426,71.8034916787298,South,0.0,48752422.0,265140.0
Andhra Pradesh,2010,212.919333488152,112.206876833137,1.2309170002068,112.24790739981,South,0.0,49182141.0,282786.0
Andhra Pradesh,2011,212.919333488152,127.681261978594,12.7487832164275,143.929366381323,South,0.0,49627190.0,379402.0
Andhra Pradesh,2012,223.176975156542,128.384643121569,13.6866247403946,262.390473877415,South,0.0,49988090.0,380629.0
Andhra Pradesh,2013,380.75,221.03,131.84,746.2,South,0.0,50348276.0,407115.0
Andhra Pradesh,2014,389.75,223.23,242.86,1032.0,South,0.0,50708495.0,444564.0
Andhra Pradesh,2015,380.75,232.98,572.96,1431.45,South,0.0,51067864.0,498606.0
Andhra Pradesh,2016,378.2,241.98,1867.23,3618.85,South,0.0,51428116.0,540212.0
Andhra Pradesh,2017,477.18,162.11,2195.46,3966.95,South,0.0,51713527.0,594737.0
Andhra Pradesh,2018,477.18,162.11,3085.68,4090.45,South,23.16,51997844.0,626614.0
Andhra Pradesh,2019,477.18,162.11,3610.02,4092.45,South,23.16,52282246.0,669783.0
Andhra Pradesh,2020,483.67,162.11,4291.34,4096.65,South,52.37,52566634.0,670321.0
Andhra Pradesh,2021,483.67,162.11,4386.76,4096.65,South,82.37,52851085.0,728931.0
Andhra Pradesh,2022,566.04,162.11,4386.76,4096.65,South,53.16,53037397.0,766700.0
Andhra Pradesh,2023,566.03,163.31,9360.18,4096.65,South,53.16,53222720.0,804470.0
Andhra Pradesh,2024,574.39,163.31,9419.33,4096.65,South,53.16,53408066.0,802778.75
Arunachal Pradesh,2006,0.0,45.24,0.02,0.0,North-East,0.0,1305858.0,2689.0
Arunachal Pradesh,2007,0.0,45.24,0.02,0.0,North-East,0.0,1321498.0,2860.0
Arunachal Pradesh,2008,0.0,45.24,0.02,0.0,North-East,0.0,1337065.0,3028.0
Arunachal Pradesh,2009,0.0,73.42,0.03,136.1,North-East,0.0,1352559.0,3198.0
Arunachal Pradesh,2010,0.0,78.84,0.03,0.0,North-East,0.0,1367980.0,3368.0
Arunachal Pradesh,2011,0.0,79.23,0.03,0.0,North-East,0.0,1383727.0,11063.0
Arunachal Pradesh,2012,0.0,103.91,0.03,0.0,North-East,0.0,1398621.0,11299.0
Arunachal Pradesh,2013,0.0,103.91,0.03,0.0,North-East,0.0,1413669.0,12339.0
Arunachal Pradesh,2014,0.0,104.61,0.03,0.0,North-East,0.0,1428691.0,14383.0
Arunachal Pradesh,2015,0.0,104.61,0.27,0.0,North-East,0.0,1443718.0,14240.0
Arunachal Pradesh,2016,0.0,104.61,0.27,0.0,North-East,0.0,1458671.0,14894.0
Arunachal Pradesh,2017,0.0,104.61,5.39,0.0,North-East,0.0,1473787.0,15573.0
Arunachal Pradesh,2018,0.0,131.11,5.39,0.0,North-East,0.0,1488715.0,16670.0
Arunachal Pradesh,2019,0.0,131.11,5.61,0.0,North-East,0.0,1503692.0,17946.0
Arunachal Pradesh,2020,0.0,131.11,10.16,0.0,North-East,0.0,1518750.0,18196.0
Arunachal Pradesh,2021,0.0,131.11,11.23,0.0,North-East,0.0,1532693.0,19214.0
Arunachal Pradesh,2022,11.23,131.11,11.228792190551758,0.00014946635928936303,North-East,0.0,1547753.0,20042.0
Arunachal Pradesh,2023,144.75,133.11,11.228792190551758,0.00014946635928936303,North-East,0.0,1561713.0,20870.0
Arunachal Pradesh,2024,144.9,133.11,11.228792190551758,0.00014946635928936303,North-East,0.0,1575754.0,20826.859375
Assam,2006,0.0,2.11,0.0,0.0,North-East,0.0,29083149.0,47502.0
Assam,2007,0.0,27.11,0.0,0.0,North-East,0.0,29515074.0,50222.0
Assam,2008,0.0,27.11,0.0,0.0,North-East,0.0,29941800.0,53319.0
Assam,2009,0.0,27.11,0.0,0.0,North-East,0.0,30363326.0,56702.0
Assam,2010,0.0,27.11,0.0,0.0,North-East,0.0,30779653.0,59611.0
Assam,2011,0.0,31.11,0.0,0.0,North-East,0.0,31205576.0,143175.0
Assam,2012,0.0,31.11,0.0,0.0,North-East,0.0,31597604.0,147342.0
Assam,2013,0.0,34.11,0.0,0.0,North-East,0.0,31990520.0,154525.0
Assam,2014,0.0,34.11,0.0,0.0,North-East,0.0,32382541.0,165212.0
Assam,2015,0.0,34.11,0.0,0.0,North-East,0.0,32775532.0,191109.0
Assam,2016,0.0,34.11,11.78,0.0,North-East,0.0,33167525.0,202081.0
Assam,2017,0.0,34.11,12.45,0.0,North-East,0.0,33542455.0,219919.0
Assam,2018,0.0,34.11,22.4,0.0,North-East,0.0,33917539.0,231040.0
Assam,2019,0.0,34.11,41.23,0.0,North-East,0.0,34292462.0,251924.0
Assam,2020,2.0,34.11,51.56,0.0,North-East,0.0,34667531.0,250923.0
Assam,2021,2.0,34.11,117.94,0.0,North-East,0.0,35042532.0,271041.0
Assam,2022,117.94,34.11,154.05,2.0,North-East,0.0,35377488.0,284735.0
Assam,2023,147.93,34.11,184.04,2.0,North-East,0.0,35712028.0,298428.0
Assam,2024,156.18,34.11,192.29,2.0,North-East,0.0,36046480.0,297780.90625
Bihar,2006,0.0,50.4,0.0,0.0,East,0.0,93685047.0,82394.0
Bihar,2007,0.0,50.4,0.0,0.0,East,0.0,95827040.0,89620.0
Bihar,2008,0.0,50.4,0.0,0.0,East,0.0,97944268.0,104491.0
Bihar,2009,0.0,54.6,0.0,0.0,East,0.0,100036729.0,109420.0
Bihar,2010,9.5,59.8,0.0,0.0,East,0.0,102104424.0,120469.0
Bihar,2011,15.5,64.3,0.0,0.0,East,0.0,104099452.0,247144.0
Bihar,2012,43.3,70.7,0.0,0.0,East,0.0,106115413.0,256851.0
Bihar,2013,0.0,70.7,0.0,0.0,East,0.0,108130389.0,269650.0
Bihar,2014,43.42,70.7,0.0,0.0,East,0.0,110145445.0,279482.0
Bihar,2015,43.42,70.7,5.1,0.0,East,0.0,112161564.0,296488.0
Bihar,2016,113.0,70.7,108.52,0.0,East,0.0,114176471.0,318797.0
Bihar,2017,121.2,70.7,142.45,0.0,East,0.0,115957558.0,344028.0
Bihar,2018,121.2,70.7,142.45,0.0,East,0.0,117739309.0,381383.0
Bihar,2019,121.2,70.7,151.57,0.0,East,0.0,119520382.0,409645.0
Bihar,2020,124.7,70.7,180.23,0.0,East,1.0,121302498.0,419883.0
Bihar,2021,124.7,70.7,190.63,0.0,East,1.32,123083582.0,435629.0
Bihar,2022,126.02,70.7,190.63,112.5,East,1.32,124919527.0,456228.0
Bihar,2023,126.02,70.7,389.6,112.5,East,1.32,126756673.0,476827.0
Bihar,2024,140.22,70.7,239.23,112.5,East,1.32,128592632.0,475828.34375
Chandigarh,2013,0.0,0.0,2.0,0.0,North,0.0,1088471.0,22105.0
Chandigarh,2014,0.0,0.0,4.5,0.0,North,0.0,1104480.0,22870.0
Chandigarh,2015,0.0,0.0,6.81,0.0,North,0.0,1120489.0,24932.0
Chandigarh,2016,0.0,0.0,17.32,0.0,North,0.0,1136499.0,26917.0
Chandigarh,2017,0.0,0.0,25.2,0.0,North,0.0,1151507.0,28480.0
Chandigarh,2018,0.0,0.0,34.71,0.0,North,0.0,1165520.0,29866.0
Chandigarh,2019,0.0,0.0,40.55,0.0,North,0.0,1179528.0,31545.0
Chandigarh,2020,0.0,0.0,45.97,0.0,North,0.0,1193534.0,28974.0
Chandigarh,2021,0.0,0.0,55.17,0.0,North,0.0,1208541.0,33084.0
Chandigarh,2022,0.0,0.0,55.16874313354492,0.0,North,0.0,1219546.0,34468.0
Chandigarh,2023,0.0,0.0,55.16874313354492,0.0,North,0.0,1231551.0,35851.0
Chandigarh,2024,0.0,0.0,55.16874313354492,0.0,North,0.0,1243555.0,35801.57421875
Chhattisgarh,2006,113.3,18.05,0.0,0.0,Central,0.0,23349821.0,45164.0
Chhattisgarh,2007,146.3,18.05,0.0,0.0,Central,0.0,23797341.0,50451.0
Chhattisgarh,2008,156.1,18.05,0.0,0.0,Central,0.0,24239195.0,53886.0
Chhattisgarh,2009,199.9,19.05,0.0,0.0,Central,0.0,24675382.0,60080.0
Chhattisgarh,2010,231.9,19.05,0.0,0.0,Central,0.0,25105903.0,64441.0
Chhattisgarh,2011,249.9,20.25,4.0,0.0,Central,0.0,25545198.0,158074.0
Chhattisgarh,2012,249.9,52.0,4.0,0.0,Central,0.0,25950147.0,165977.0
Chhattisgarh,2013,264.9,52.0,7.1,0.0,Central,0.0,26356293.0,182579.0
Chhattisgarh,2014,264.9,52.0,7.6,0.0,Central,0.0,26761170.0,185813.0
Chhattisgarh,2015,279.9,52.0,93.58,0.0,Central,0.0,27166195.0,190584.0
Chhattisgarh,2016,228.0,76.0,128.86,0.0,Central,0.0,27571272.0,213705.0
Chhattisgarh,2017,230.5,76.0,231.35,0.0,Central,0.0,27956194.0,220136.0
Chhattisgarh,2018,230.5,76.0,231.35,0.0,Central,0.0,28340197.0,237695.0
Chhattisgarh,2019,244.5,76.0,231.35,0.0,Central,0.0,28724263.0,249875.0
Chhattisgarh,2020,244.9,76.0,445.21,0.0,Central,0.41,29109292.0,245452.0
Chhattisgarh,2021,274.59,76.0,518.08,0.0,Central,0.41,29493284.0,264168.0
Chhattisgarh,2022,275.0,76.0,518.08,272.09,Central,0.41,29836205.0,274927.0
Chhattisgarh,2023,275.0,76.0,1299.82,272.09,Central,0.41,30180262.0,285687.0
Chhattisgarh,2024,275.0,76.0,1530.39,272.09,Central,0.41,30524288.0,285029.34375
Delhi,2009,0.0,0.0,0.05,0.0,North,0.0,16050967.0,132692.0
Delhi,2010,0.0,0.0,2.14,0.0,North,0.0,16421805.0,144443.0
Delhi,2011,0.0,0.0,2.53,0.0,North,0.0,16787941.0,343798.0
Delhi,2012,0.0,0.0,2.56,0.0,North,0.0,17165937.0,366628.0
Delhi,2013,0.0,0.0,5.15,0.0,North,0.0,17543935.0,392908.0
Delhi,2014,0.0,0.0,5.47,0.0,North,0.0,17920927.0,428355.0
Delhi,2015,0.0,0.0,14.28,0.0,North,0.0,18298920.0,475623.0
Delhi,2016,0.0,0.0,40.27,0.0,North,0.0,18676910.0,511765.0
Delhi,2017,0.0,0.0,69.57,0.0,North,0.0,19055905.0,542015.0
Delhi,2018,0.0,0.0,126.89,0.0,North,52.0,19434898.0,565327.0
Delhi,2019,0.0,0.0,165.16,0.0,North,52.0,19813903.0,587316.0
Delhi,2020,0.0,0.0,194.43,0.0,North,52.0,20192895.0,564669.0
Delhi,2021,0.0,0.0,211.12,0.0,North,59.0,20570887.0,636903.0
Delhi,2022,0.0,0.0,211.11878967285156,0.0,North,58.99868392944336,20964868.0,665823.0
Delhi,2023,0.0,0.0,211.11878967285156,0.0,North,58.99868392944336,21358867.0,694744.0
Delhi,2024,0.0,0.0,211.11878967285156,0.0,North,58.99868392944336,21751870.0,692922.5625
Goa,2006,0.0,0.05,0.0,0.0,West,0.0,1398639.0,9923.0
Goa,2007,0.0,0.05,0.0,0.0,West,0.0,1410996.0,11028.0
Goa,2008,0.0,0.05,0.0,0.0,West,0.0,1423103.0,12133.0
Goa,2009,0.0,0.05,0.0,0.0,West,0.0,1434960.0,13238.0
Goa,2010,0.0,0.05,0.0,0.0,West,0.0,1446567.0,14343.0
Goa,2011,0.0,0.05,0.0,0.0,West,0.0,1458545.0,42367.0
Goa,2012,0.0,0.05,0.0,0.0,West,0.0,1468549.0,35850.0
Goa,2013,0.0,0.05,0.0,0.0,West,0.0,1479550.0,31568.0
Goa,2014,0.0,0.05,0.0,0.0,West,0.0,1490552.0,40116.0
Goa,2015,0.0,0.05,0.0,0.0,West,0.0,1500559.0,46091.0
Goa,2016,0.0,0.05,0.71,0.0,West,0.0,1511533.0,51249.0
Goa,2017,0.0,0.05,0.91,0.0,West,0.0,1520559.0,52653.0
Goa,2018,0.0,0.05,3.92,0.0,West,0.0,1530558.0,53063.0
Goa,2019,0.0,0.05,4.78,0.0,West,0.34,1539554.0,53100.0
Goa,2020,0.0,0.05,7.56,0.0,West,0.34,1548561.0,53960.0
Goa,2021,0.0,0.05,19.95,0.0,West,0.34,1558572.0,58513.0
Goa,2022,0.34,0.05,19.95,0.34,West,0.0,1566563.0,61418.0
Goa,2023,0.34,0.05,26.88,0.34,West,0.0,1574568.0,64322.0
Goa,2024,1.94,0.05,45.47,1.94,West,0.0,1582567.0,64177.52734375
Gujarat,2006,0.0,7.0,0.0,636.6,West,0.0,55481263.0,189436.0
Gujarat,2007,0.5,7.0,0.0,1252.9,West,0.0,56482208.0,213092.0
Gujarat,2008,0.5,7.0,0.0,1566.5,West,0.0,57475959.0,228460.0
Gujarat,2009,0.5,12.6,0.0,1863.63,West,0.0,58462516.0,252528.0
Gujarat,2010,0.5,15.6,5.0,2176.43,West,0.0,59441879.0,272040.0
Gujarat,2011,20.5,15.6,604.89,2966.28,West,0.0,60439692.0,615606.0
Gujarat,2012,30.5,15.6,857.9,3174.58,West,0.0,61382696.0,682650.0
Gujarat,2013,43.9,15.6,916.4,3454.3,West,0.0,62326721.0,734284.0
Gujarat,2014,55.9,16.6,1000.05,3645.0,West,0.0,63270622.0,811428.0
Gujarat,2015,56.3,16.6,1119.17,4037.5,West,0.0,64213650.0,894465.0
Gujarat,2016,65.3,16.6,1249.37,5340.62,West,0.0,65157704.0,981342.0
Gujarat,2017,65.3,28.6,1588.0,5613.42,West,0.0,66083712.0,1086570.0
Gujarat,2018,77.3,61.3,2440.13,6073.07,West,0.0,67009696.0,1183020.0
Gujarat,2019,77.3,68.95,2948.37,7541.52,West,0.0,67935733.0,1268957.0
Gujarat,2020,77.3,82.69,4469.87,8561.82,West,22.57,68861713.0,1244258.0
Gujarat,2021,77.3,89.39,7180.03,9209.22,West,31.96,69787711.0,1276298.0
Gujarat,2022,109.26,89.39,7180.03,9209.22,West,7.5,70647672.0,1318883.0
Gujarat,2023,110.73,91.64,19435.85,9978.92,West,7.5,71506680.0,1361467.0
Gujarat,2024,112.48,91.64,25471.72,11722.72,West,7.5,72366697.0,1358385.0
Haryana,2006,6.0,62.7,0.0,0.0,North,0.0,23086277.0,94268.0
Haryana,2007,6.0,62.7,0.0,0.0,North,0.0,23546370.0,103244.0
Haryana,2008,6.0,62.7,0.0,0.0,North,0.0,24001385.0,111420.0
Haryana,2009,7.8,70.1,0.0,0.0,North,0.0,24451323.0,120407.0
Haryana,2010,35.8,70.1,0.0,0.0,North,0.0,24896182.0,128983.0
Haryana,2011,35.8,70.1,16.8,0.0,North,0.0,25351462.0,297539.0
Haryana,2012,45.3,70.1,7.8,0.0,North,0.0,25772506.0,320912.0
Haryana,2013,45.3,70.1,10.3,0.0,North,0.0,26193433.0,347507.0
Haryana,2014,52.3,71.5,12.8,0.0,North,0.0,26614464.0,370535.0
Haryana,2015,45.3,73.5,15.39,0.0,North,0.0,27034504.0,413405.0
Haryana,2016,96.4,73.5,81.4,0.0,North,0.0,27455494.0,456709.0
Haryana,2017,205.66,73.5,216.85,0.0,North,0.0,27861512.0,482036.0
Haryana,2018,205.66,73.5,224.52,0.0,North,0.0,28266508.0,524171.0
Haryana,2019,205.66,73.5,252.14,0.0,North,0.0,28672496.0,566034.0
Haryana,2020,210.66,73.5,472.26,0.0,North,6.09,29077505.0,536226.0
Haryana,2021,240.66,73.5,910.63,0.0,North,17.34,29483502.0,581034.0
Haryana,2022,258.0,73.5,910.63,151.4,North,11.2,29846518.0,606286.0
Haryana,2023,259.43,73.5,1362.09,151.4,North,11.2,30209554.0,631539.0
Haryana,2024,283.7,73.5,1832.92,151.4,North,11.2,30573527.0,629641.25
Himachal Pradesh,2006,0.0,141.62,0.0,0.0,North,0.0,6514077.0,22843.0
Himachal Pradesh,2007,0.0,162.62,0.0,0.0,North,0.0,6587923.0,24800.0
Himachal Pradesh,2008,0.0,162.62,0.0,0.0,North,0.0,6659558.0,26646.0
Himachal Pradesh,2009,0.0,330.32,0.0,0.0,North,0.0,6728982.0,28632.0
Himachal Pradesh,2010,0.0,393.47,0.0,0.0,North,0.0,6796196.0,30534.0
Himachal Pradesh,2011,0.0,527.66,0.0,0.0,North,0.0,6864602.0,72720.0
Himachal Pradesh,2012,0.0,587.91,0.0,0.0,North,0.0,6922419.0,77384.0
Himachal Pradesh,2013,0.0,638.91,0.0,0.0,North,0.0,6981545.0,82847.0
Himachal Pradesh,2014,0.0,723.91,0.0,0.0,North,0.0,7040471.0,89060.0
Himachal Pradesh,2015,0.0,793.31,0.2,0.0,North,0.0,7099458.0,96274.0
Himachal Pradesh,2016,0.0,831.81,0.73,0.0,North,0.0,7157477.0,103055.0
Himachal Pradesh,2017,7.2,853.11,0.73,0.0,North,0.0,7205582.0,109406.0
Himachal Pradesh,2018,7.2,860.61,22.68,0.0,North,0.0,7252477.0,116411.0
Himachal Pradesh,2019,7.2,911.51,32.93,0.0,North,0.0,7299547.0,121168.0
Himachal Pradesh,2020,9.2,936.11,50.28,0.0,North,1.0,7346551.0,114814.0
Himachal Pradesh,2021,9.2,954.11,76.16,0.0,North,1.0,7393466.0,120279.0
Himachal Pradesh,2022,10.2,954.11,76.16,9.2,North,0.0,7430491.0,126744.0
Himachal Pradesh,2023,10.2,969.71,1067.4,9.2,North,0.0,7467437.0,133209.0
Himachal Pradesh,2024,10.2,969.71,1075.14,9.2,North,0.0,7504551.0,132829.5625
Jammu And Kashmir,2006,0.0,111.83,0.0,0.0,North,0.0,11572779.0,78609.74
Jammu And Kashmir,2007,0.0,109.372501076045,0.0,0.0,North,0.0,11718343.0,78609.74
Jammu And Kashmir,2008,0.0,111.83,0.0,0.0,North,0.0,11860634.0,78609.74
Jammu And Kashmir,2009,0.0,129.33,0.0,0.0,North,0.0,11999655.0,78609.74
Jammu And Kashmir,2010,0.0,129.33,0.0,0.0,North,0.0,12135404.0,78609.74
Jammu And Kashmir,2011,0.0,130.53,0.0,0.0,North,0.0,12267013.0,78256.0
Jammu And Kashmir,2012,0.0,130.53,0.0,0.0,North,0.0,12392989.0,87138.0
Jammu And Kashmir,2013,0.0,147.53,0.0,0.0,North,0.0,12519041.0,95621.0
Jammu And Kashmir,2014,0.0,156.53,0.0,0.0,North,0.0,12645057.0,98367.0
Jammu And Kashmir,2015,0.0,156.53,1.0,0.0,North,0.0,12771015.0,117168.0
Jammu And Kashmir,2016,0.0,158.03,1.36,0.0,North,0.0,12897023.0,124848.0
Jammu And Kashmir,2017,0.0,179.03,1.36,0.0,North,0.0,12999005.0,139709.0
Jammu And Kashmir,2018,0.0,179.03,14.83,0.0,North,0.0,13100987.0,159859.0
Jammu And Kashmir,2019,0.0,180.48,19.3,0.0,North,0.0,13203047.0,164103.0
Jammu And Kashmir,2020,0.0,185.98,42.13,0.0,North,0.0,13305032.0,167793.0
Jammu And Kashmir,2021,0.0,184.32,54.73,0.0,North,0.0,13408055.0,188561.0
Jammu And Kashmir,2022,46.93,144.68,191.61,0.0,North,0.0,13505050.0,220204.0
Jammu And Kashmir,2023,49.44,146.68,196.12,0.0,North,0.0,13603029.0,241133.0
Jammu And Kashmir,2024,65.44,169.93,235.37,0.0,North,0.0,13701069.0,240580.56
Jharkhand,2006,0.0,4.05,0.0,0.0,East,0.0,30003235.0,48780.0
Jharkhand,2007,0.0,4.05,0.0,0.0,East,0.0,30610357.0,51794.0
Jharkhand,2008,0.0,4.05,0.0,0.0,East,0.0,31211209.0,54655.0
Jharkhand,2009,0.0,4.05,0.0,0.0,East,0.0,31805792.0,60555.0
Jharkhand,2010,0.0,4.05,0.0,0.0,East,0.0,32394103.0,64698.0
Jharkhand,2011,0.0,4.05,4.0,0.0,East,0.0,32988134.0,150918.0
Jharkhand,2012,0.0,4.05,16.0,0.0,East,0.0,33551056.0,163250.0
Jharkhand,2013,0.0,4.05,16.0,0.0,East,0.0,34113143.0,165816.0
Jharkhand,2014,0.0,4.05,16.0,0.0,East,0.0,34675133.0,186534.0
Jharkhand,2015,0.0,4.05,16.19,0.0,East,0.0,35238057.0,174881.0
Jharkhand,2016,0.0,4.05,23.27,0.0,East,0.0,35800112.0,193174.0
Jharkhand,2017,4.3,4.05,25.67,0.0,East,0.0,36334090.0,210587.0
Jharkhand,2018,4.3,4.05,34.95,0.0,East,0.0,36869176.0,229274.0
Jharkhand,2019,4.3,4.05,38.4,0.0,East,0.0,37403038.0,238395.0
Jharkhand,2020,4.3,4.05,69.86,0.0,East,0.0,37937209.0,227082.0
Jharkhand,2021,4.3,4.05,88.79,0.0,East,0.0,38471165.0,242658.0
Jharkhand,2022,4.3,4.05,97.14,4.3,East,0.0,38969183.0,258234.0
Jharkhand,2023,4.3,4.05,114.19,4.3,East,0.0,39466197.0,273810.0
Jharkhand,2024,19.1,4.05,185.55,19.1,East,0.0,39963170.0,273037.71875
Karnataka,2006,254.28,416.5,0.0,821.1,South,0.0,57434739.0,152794.0
Karnataka,2007,262.28,464.0,0.0,1011.4,South,0.0,58201551.0,171984.0
Karnataka,2008,294.18,464.0,0.0,1327.4,South,0.0,58948027.0,179809.0
Karnataka,2009,336.18,640.45,6.0,1472.8,South,0.0,59674168.0,189773.0
Karnataka,2010,365.18,783.35,6.0,1726.85,South,0.0,60379974.0,203281.0
Karnataka,2011,441.18,882.45,9.0,1933.5,South,0.0,61095297.0,606010.0
Karnataka,2012,491.38,963.76,14.0,2135.15,South,0.0,61722089.0,649673.0
Karnataka,2013,603.28,1031.66,31.0,2318.2,South,0.0,62349108.0,711313.0
Karnataka,2014,664.28,1129.73,77.22,2638.0,South,0.0,62975146.0,748429.0
Karnataka,2015,872.18,1217.73,145.46,2869.15,South,0.0,63602172.0,831330.0
Karnataka,2016,1452.0,1225.73,1027.84,3751.4,South,0.0,64229098.0,941774.0
Karnataka,2017,1768.8,1230.73,4944.12,4608.4,South,0.0,64752162.0,1019708.0
Karnataka,2018,1798.8,1254.73,6095.56,4694.9,South,1.0,65275228.0,1082614.0
Karnataka,2019,1881.8,1280.73,7277.93,4790.6,South,1.0,65798192.0,1149829.0
Karnataka,2020,1887.3,1280.73,7383.88,4938.6,South,14.62,66322284.0,1143873.0
Karnataka,2021,1887.3,1280.73,7590.81,5130.9,South,14.85,66845196.0,1170445.0
Karnataka,2022,1902.15,1280.73,7590.81,5130.9,South,1.0,67268150.0,1197017.0
Karnataka,2023,1902.15,1280.73,16719.23,5294.95,South,1.0,67692150.0,1223588.0
Karnataka,2024,1907.72,1280.73,17752.74,6019.61,South,19.42,68115063.0,1221552.625
Kerala,2006,0.0,98.12,0.02,2.0,South,0.0,32003564.0,115103.0
Kerala,2007,0.0,123.12,0.02,10.5,South,0.0,32300799.0,126378.0
Kerala,2008,0.0,123.12,0.02,27.0,South,0.0,32588651.0,135202.0
Kerala,2009,0.0,133.87,0.03,27.75,South,0.0,32867120.0,145660.0
Kerala,2010,0.0,136.87,0.03,35.0,South,0.0,33136208.0,155709.0
Kerala,2011,0.0,149.67,0.84,35.1,South,0.0,33406061.0,364048.0
Kerala,2012,0.0,158.42,0.03,35.1,South,0.0,33641051.0,387693.0
Kerala,2013,0.0,158.42,0.03,35.2,South,0.0,33875038.0,402781.0
Kerala,2014,0.0,168.92,0.03,35.0,South,0.0,34109031.0,419956.0
Kerala,2015,0.0,198.92,13.05,43.5,South,0.0,34344028.0,451210.0
Kerala,2016,0.0,213.02,74.2,51.5,South,0.0,34578021.0,485302.0
Kerala,2017,0.72,219.02,107.94,52.5,South,0.0,34760981.0,516190.0
Kerala,2018,0.72,222.02,138.59,52.5,South,0.0,34942988.0,554228.0
Kerala,2019,0.72,222.02,142.23,62.5,South,0.0,35124972.0,566523.0
Kerala,2020,2.27,230.02,277.4,62.5,South,0.23,35306961.0,514400.0
Kerala,2021,2.27,242.52,363.18,62.5,South,0.23,35488980.0,551787.0
Kerala,2022,2.5,242.52,363.18,62.5,South,0.23,35632960.0,589174.0
Kerala,2023,2.5,266.52,1092.95,62.5,South,0.23,35775941.0,626560.0
Kerala,2024,2.5,276.52,1365.31,63.5,South,0.23,35919969.0,624511.0
Lakshadweep,2006,0.0,0.0,0.75,0.0,South,0.0,61544.0,270.78
Lakshadweep,2007,0.0,0.0,0.76,0.0,South,0.0,62231.0,270.78
Lakshadweep,2008,0.0,0.0,0.76,0.0,South,0.0,62889.0,270.78
Lakshadweep,2009,0.0,0.0,0.75,0.0,South,0.0,63517.0,270.78
Lakshadweep,2010,0.0,0.0,0.75,0.0,South,0.0,64115.0,270.78
Lakshadweep,2011,0.0,0.0,0.75,0.0,South,0.0,64473.0,270.0
Lakshadweep,2012,0.0,0.0,0.75,0.0,South,0.0,65476.0,290.0
Lakshadweep,2013,0.0,0.0,0.75,0.0,South,0.0,65469.0,310.0
Lakshadweep,2014,0.0,0.0,0.75,0.0,South,0.0,66472.0,330.0
Lakshadweep,2015,0.0,0.0,0.75,0.0,South,0.0,66468.0,360.0
Lakshadweep,2016,0.0,0.0,0.71,0.0,South,0.0,67471.0,390.0
Lakshadweep,2017,0.0,0.0,0.75,0.0,South,0.0,67464.0,430.0
Lakshadweep,2018,0.0,0.0,0.75,0.0,South,0.0,67459.0,470.0
Lakshadweep,2019,0.0,0.0,0.75,0.0,South,0.0,68464.0,510.0
Lakshadweep,2020,0.0,0.0,3.27,0.0,South,0.0,68462.0,490.0
Lakshadweep,2021,0.0,0.0,3.27,0.0,South,0.0,68458.0,540.0
Lakshadweep,2022,0.0,0.0,0.0,0.0,South,0.0,68454.0,600.0
Lakshadweep,2023,0.0,0.0,0.0,0.0,South,0.0,69462.0,598.88
Lakshadweep,2024,0.0,0.0,0.0,0.0,South,0.0,69459.0,598.88
Madhya Pradesh,2006,1.0,51.16,0.1,57.3,Central,0.0,65909683.0,101627.0
Madhya Pradesh,2007,1.0,71.16,0.1,187.7,Central,0.0,67285926.0,108376.0
Madhya Pradesh,2008,1.0,71.16,0.1,212.8,Central,0.0,68642234.0,117772.0
Madhya Pradesh,2009,1.0,71.16,0.1,229.4,Central,0.0,69978608.0,127896.0
Madhya Pradesh,2010,1.0,86.16,0.1,275.9,Central,0.0,71295048.0,135969.0
Madhya Pradesh,2011,8.5,86.16,2.1,376.4,Central,0.0,72626809.0,315562.0
Madhya Pradesh,2012,16.0,86.16,37.32,386.0,Central,0.0,73862651.0,351683.0
Madhya Pradesh,2013,26.0,86.16,347.17,423.4,Central,0.0,75098904.0,365134.0
Madhya Pradesh,2014,36.0,86.16,558.58,880.0,Central,0.0,76333796.0,383944.0
Madhya Pradesh,2015,35.0,86.16,776.37,2141.1,Central,0.0,77569857.0,418736.0
Madhya Pradesh,2016,93.0,86.16,857.04,2497.79,Central,0.0,78805728.0,470669.0
Madhya Pradesh,2017,105.35,86.16,1305.35,2519.89,Central,0.0,79947667.0,497102.0
Madhya Pradesh,2018,105.35,95.91,1840.16,2519.89,Central,15.4,81089876.0,543235.0
Madhya Pradesh,2019,105.35,95.91,2258.46,2519.89,Central,15.4,82231597.0,575554.0
Madhya Pradesh,2020,107.35,99.71,2544.71,2519.89,Central,20.31,83373826.0,564514.0
Madhya Pradesh,2021,107.35,99.71,2717.95,2519.89,Central,23.98,84515948.0,596584.0
Madhya Pradesh,2022,131.33,99.71,2717.95,2519.89,Central,15.4,85547868.0,628653.0
Madhya Pradesh,2023,134.94,123.71,5905.08,2844.29,Central,15.4,86578810.0,660722.0
Madhya Pradesh,2024,134.94,123.71,7098.37,2844.29,Central,15.4,87610397.0,659193.375
Maharashtra,2006,76.0,209.33,0.0,1487.7,West,0.0,105233932.0,388611.0
Maharashtra,2007,114.0,211.33,0.0,1755.9,West,0.0,106708138.0,427818.0
Maharashtra,2008,185.5,211.33,0.0,1938.9,West,0.0,108153780.0,442320.0
Maharashtra,2009,218.5,245.33,0.0,2077.75,West,0.0,109570856.0,480335.0
Maharashtra,2010,403.0,275.13,4.0,2316.75,West,0.0,110959368.0,507190.0
Maharashtra,2011,603.7,281.33,20.0,2733.3,West,0.0,112374333.0,1280369.0
Maharashtra,2012,756.9,299.93,100.0,3021.85,West,0.0,113645231.0,1357942.0
Maharashtra,2013,940.4,327.43,249.25,4100.4,West,0.0,114915349.0,1451615.0
Maharashtra,2014,1033.4,335.43,360.75,4446.0,West,0.0,116186213.0,1543165.0
Maharashtra,2015,1220.78,339.88,385.76,4654.15,West,0.0,117456423.0,1654284.0
Maharashtra,2016,2065.0,346.18,452.37,4771.33,West,0.0,118727379.0,1807046.0
Maharashtra,2017,2186.4,373.18,1239.18,4783.93,West,0.0,119869326.0,1888706.0
Maharashtra,2018,2516.1,375.57,1633.54,4794.13,West,12.59,121011272.0,1972960.0
Maharashtra,2019,2516.1,379.58,1801.8,5000.33,West,12.59,122153224.0,2043983.0
Maharashtra,2020,2584.4,379.58,2323.79,5000.33,West,47.75,123295360.0,1889307.0
Maharashtra,2021,2584.4,381.08,2631.02,5012.83,West,47.75,124437344.0,1931895.0
Maharashtra,2022,2632.15,381.08,2631.02,5012.83,West,35.16,125411303.0,1974483.0
Maharashtra,2023,2640.69,381.08,12757.5,5012.83,West,43.7,126385375.0,2017070.0
Maharashtra,2024,2643.19,382.28,14483.12,5207.98,West,46.2,127360459.0,2011148.0
Manipur,2006,0.0,5.45,0.0,0.0,North-East,0.0,2695183.0,4283.0
Manipur,2007,0.0,5.45,0.0,0.0,North-East,0.0,2727490.0,4573.0
Manipur,2008,0.0,5.45,0.0,0.0,North-East,0.0,2759644.0,4899.0
Manipur,2009,0.0,5.45,0.0,0.0,North-East,0.0,2791643.0,5201.0
Manipur,2010,0.0,5.45,0.0,0.0,North-East,0.0,2823487.0,5509.0
Manipur,2011,0.0,5.45,0.0,0.0,North-East,0.0,2855794.0,12915.0
Manipur,2012,0.0,5.45,0.0,0.0,North-East,0.0,2886765.0,12993.0
Manipur,2013,0.0,5.45,0.0,0.0,North-East,0.0,2917778.0,14115.0
Manipur,2014,0.0,5.45,0.0,0.0,North-East,0.0,2948779.0,15245.0
Manipur,2015,0.0,5.45,0.0,0.0,North-East,0.0,2979799.0,16424.0
Manipur,2016,0.0,5.45,0.03,0.0,North-East,0.0,3011804.0,17082.0
Manipur,2017,0.0,5.45,0.06,0.0,North-East,0.0,3041832.0,18751.0
Manipur,2018,0.0,5.45,3.44,0.0,North-East,0.0,3072813.0,18262.0
Manipur,2019,0.0,5.45,5.16,0.0,North-East,0.0,3102810.0,20126.0
Manipur,2020,0.0,5.45,11.39,0.0,North-East,0.0,3133766.0,20767.0
Manipur,2021,0.0,5.45,12.25,0.0,North-East,0.0,3164794.0,21752.0
Manipur,2022,0.0,5.449999809265137,12.248730659484863,0.0,North-East,0.0,3193812.0,22676.0
Manipur,2023,0.0,5.449999809265137,12.248730659484863,0.0,North-East,0.0,3222799.0,23600.0
Manipur,2024,0.0,5.449999809265137,12.248730659484863,0.0,North-East,0.0,3252823.0,23546.046875
Meghalaya,2006,0.0,30.71,0.0,0.0,North-East,0.0,2799590.0,5508.0
Meghalaya,2007,0.0,31.03,0.0,0.0,North-East,0.0,2833274.0,5971.0
Meghalaya,2008,0.0,31.03,0.0,0.0,North-East,0.0,2866786.0,6459.0
Meghalaya,2009,0.0,31.03,0.0,0.0,North-East,0.0,2900125.0,7406.0
Meghalaya,2010,0.0,31.03,0.0,0.0,North-East,0.0,2933293.0,8254.0
Meghalaya,2011,0.0,31.03,0.0,0.0,North-East,0.0,2966889.0,19918.0
Meghalaya,2012,0.0,31.03,0.0,0.0,North-East,0.0,2998848.0,20354.0
Meghalaya,2013,0.0,31.03,0.0,0.0,North-East,0.0,3031866.0,20726.0
Meghalaya,2014,0.0,31.03,0.0,0.0,North-East,0.0,3063844.0,20140.0
Meghalaya,2015,0.0,31.03,0.0,0.0,North-East,0.0,3095894.0,20638.0
Meghalaya,2016,0.0,31.03,0.01,0.0,North-East,0.0,3128878.0,21730.0
Meghalaya,2017,13.8,31.03,0.02,0.0,North-East,0.0,3160908.0,22564.0
Meghalaya,2018,13.8,32.53,0.12,0.0,North-East,0.0,3191887.0,23719.0
Meghalaya,2019,13.8,32.53,0.12,0.0,North-East,0.0,3223887.0,25190.0
Meghalaya,2020,13.8,32.53,3.85,0.0,North-East,0.0,3255863.0,23297.0
Meghalaya,2021,13.8,32.53,4.15,0.0,North-East,0.0,3287880.0,24364.0
Meghalaya,2022,0.0,0.0,0.0,0.0,North-East,0.0,3317918.0,25431.0
Meghalaya,2023,0.0,0.0,0.0,0.0,North-East,0.0,3348854.0,26500.0
Meghalaya,2024,0.0,0.0,0.0,0.0,North-East,0.0,3378892.0,26408.681640625
Mizoram,2006,0.0,17.47,0.0,0.0,North-East,0.0,1035100.0,2286.0
Mizoram,2007,0.0,17.47,0.0,0.0,North-East,0.0,1047622.0,2449.0
Mizoram,2008,0.0,17.47,0.0,0.0,North-East,0.0,1060076.0,2620.0
Mizoram,2009,0.0,36.47,0.0,0.0,North-East,0.0,1072460.0,2953.0
Mizoram,2010,0.0,36.74,0.0,0.0,North-East,0.0,1084777.0,3287.0
Mizoram,2011,0.0,36.47,0.0,0.0,North-East,0.0,1097206.0,7259.0
Mizoram,2012,0.0,36.47,0.0,0.0,North-East,0.0,1109208.0,7778.0
Mizoram,2013,0.0,36.47,0.0,0.0,North-East,0.0,1121199.0,9038.0
Mizoram,2014,0.0,36.47,0.0,0.0,North-East,0.0,1133185.0,11261.0
Mizoram,2015,0.0,36.47,0.1,0.0,North-East,0.0,1145192.0,12324.0
Mizoram,2016,0.0,41.47,0.1,0.0,North-East,0.0,1157202.0,13595.0
Mizoram,2017,0.0,36.47,0.2,0.0,North-East,0.0,1169190.0,14758.0
Mizoram,2018,0.0,36.47,0.5,0.0,North-East,0.0,1181196.0,16100.0
Mizoram,2019,0.0,36.47,1.52,0.0,North-East,0.0,1192187.0,18080.0
Mizoram,2020,0.0,36.47,6.98,0.0,North-East,0.0,1204198.0,20436.0
Mizoram,2021,0.0,36.47,7.9,0.0,North-East,0.0,1216184.0,22213.0
Mizoram,2022,0.0,36.470218658447266,7.8987627029418945,0.0,North-East,0.0,1227202.0,24090.0
Mizoram,2023,0.0,36.470218658447266,7.8987627029418945,0.0,North-East,0.0,1238188.0,25967.0
Mizoram,2024,0.0,36.470218658447266,7.8987627029418945,0.0,North-East,0.0,1250181.0,25893.203125
Nagaland,2006,0.0,20.67,0.0,0.0,North-East,0.0,1867084.0,4850.0
Nagaland,2007,0.0,28.67,0.0,0.0,North-East,0.0,1889472.0,4850.0
Nagaland,2008,0.0,28.67,0.0,0.0,North-East,0.0,1911749.0,5263.0
Nagaland,2009,0.0,28.67,0.0,0.0,North-East,0.0,1933915.0,5676.0
Nagaland,2010,0.0,28.67,0.0,0.0,North-East,0.0,1955970.0,6089.0
Nagaland,2011,0.0,28.67,0.0,0.0,North-East,0.0,1978502.0,12177.0
Nagaland,2012,0.0,28.67,0.0,0.0,North-East,0.0,1999506.0,12868.0
Nagaland,2013,0.0,29.67,0.0,0.0,North-East,0.0,2021497.0,13793.0
Nagaland,2014,0.0,29.67,0.0,0.0,North-East,0.0,2042522.0,14399.0
Nagaland,2015,0.0,30.67,0.0,0.0,North-East,0.0,2064521.0,14660.0
Nagaland,2016,0.0,30.67,0.5,0.0,North-East,0.0,2085516.0,15650.0
Nagaland,2017,0.0,30.67,1.0,0.0,North-East,0.0,2107519.0,16440.0
Nagaland,2018,0.0,30.67,1.0,0.0,North-East,0.0,2128522.0,16868.0
Nagaland,2019,0.0,30.67,1.0,0.0,North-East,0.0,2149533.0,18154.0
Nagaland,2020,0.0,30.67,2.91,0.0,North-East,0.0,2170538.0,17772.0
Nagaland,2021,0.0,30.67,3.04,0.0,North-East,0.0,2191530.0,18940.0
Nagaland,2022,0.0,0.0,0.0,0.0,North-East,0.0,2212529.0,19605.0
Nagaland,2023,0.0,0.0,0.0,0.0,North-East,0.0,2232548.0,20271.0
Nagaland,2024,0.0,0.0,0.0,0.0,North-East,0.0,2252573.0,20233.349609375
Odisha,2006,0.0,7.3,0.0,3.2,East,0.0,39699197.0,70216.0
Odisha,2007,0.0,32.3,0.0,3.2,East,0.0,40172184.0,78082.0
Odisha,2008,0.0,32.3,0.0,3.2,East,0.0,40634466.0,83274.0
Odisha,2009,0.0,64.3,0.0,0.0,East,0.0,41086042.0,90229.0
Odisha,2010,0.0,64.3,0.0,0.0,East,0.0,41526913.0,96758.0
Odisha,2011,20.0,64.3,13.0,0.0,East,0.0,41974218.0,230987.0
Odisha,2012,20.0,64.3,13.0,0.0,East,0.0,42372950.0,243363.0
Odisha,2013,20.0,64.63,30.5,0.0,East,0.0,42771179.0,265892.0
Odisha,2014,20.0,64.63,31.76,0.0,East,0.0,43170110.0,270665.0
Odisha,2015,20.0,64.63,66.92,0.0,East,0.0,43568091.0,292229.0
Odisha,2016,50.4,64.63,79.42,0.0,East,0.0,43966138.0,337348.0
Odisha,2017,59.22,64.63,79.57,0.0,East,0.0,44312222.0,361658.0
Odisha,2018,59.22,64.63,394.73,0.0,East,0.0,44658075.0,386799.0
Odisha,2019,59.22,64.63,397.84,0.0,East,0.0,45004105.0,410261.0
Odisha,2020,59.22,88.63,425.53,0.0,East,0.0,45350234.0,388328.0
Odisha,2021,59.22,106.63,451.24,0.0,East,0.0,45696240.0,427593.0
Odisha,2022,59.21965789794922,106.62873840332031,451.23870849609375,0.00011080960393883288,East,0.0,45987252.0,466857.0
Odisha,2023,59.21965789794922,106.62873840332031,451.23870849609375,0.00011080960393883288,East,0.0,46276133.0,506121.0
Odisha,2024,59.21965789794922,106.62873840332031,451.23870849609375,0.00011080960393883288,East,0.0,46566109.0,504537.03125
Puducherry,2006,0.0,0.0,0.02,0.0,South,0.0,1111083.0,5864.0
Puducherry,2007,0.0,0.0,0.02,0.0,South,0.0,1137421.0,7321.0
Puducherry,2008,0.0,0.0,0.02,0.0,South,0.0,1164393.0,8110.0
Puducherry,2009,0.0,0.0,0.03,0.0,South,0.0,1192000.0,9059.0
Puducherry,2010,0.0,0.0,0.79,0.0,South,0.0,1220241.0,10182.0
Puducherry,2011,0.0,0.0,0.03,0.0,South,0.0,1247953.0,16818.0
Puducherry,2012,0.0,0.0,0.03,0.0,South,0.0,1278953.0,17310.0
Puducherry,2013,0.0,0.0,0.03,0.0,South,0.0,1309945.0,19170.0
Puducherry,2014,0.0,0.0,0.03,0.0,South,0.0,1339944.0,18207.0
Puducherry,2015,0.0,0.0,0.03,0.0,South,0.0,1370941.0,19060.0
Puducherry,2016,0.0,0.0,0.08,0.0,South,0.0,1401939.0,20474.0
Puducherry,2017,0.0,0.0,0.16,0.0,South,0.0,1435936.0,22318.0
Puducherry,2018,0.0,0.0,3.14,0.0,South,0.0,1469933.0,25984.0
Puducherry,2019,0.0,0.0,5.51,0.0,South,0.0,1503927.0,26125.0
Puducherry,2020,0.0,0.0,9.51,0.0,South,0.0,1536922.0,25576.0
Puducherry,2021,0.0,0.0,13.69,0.0,South,0.0,1570923.0,27382.0
Puducherry,2022,0.0,0.0,13.688671112060547,0.0,South,0.0,1607915.0,28524.0
Puducherry,2023,0.0,0.0,13.688671112060547,0.0,South,0.0,1645912.0,29665.0
Puducherry,2024,0.0,0.0,13.688671112060547,0.0,South,0.0,1682909.0,29579.6484375
Punjab,2006,28.0,123.9,0.32,0.0,North,0.0,26127649.0,91299.0
Punjab,2007,28.0,123.911681187488,0.32,0.0,North,0.0,26464511.0,97577.0
Punjab,2008,28.0,123.9,0.32,0.0,North,0.0,26793156.0,103826.0
Punjab,2009,62.5,132.55,1.33,0.0,North,0.0,27113584.0,110775.0
Punjab,2010,74.5,154.5,2.33,0.0,North,0.0,27425795.0,117039.0
Punjab,2011,90.5,154.5,9.33,0.0,North,0.0,27743338.0,266628.0
Punjab,2012,124.5,154.5,9.33,0.0,North,0.0,28023343.0,280823.0
Punjab,2013,140.5,156.2,16.85,0.0,North,0.0,28302317.0,299450.0
Punjab,2014,140.5,157.4,185.27,0.0,North,0.0,28581358.0,312125.0
Punjab,2015,155.5,170.9,405.06,0.0,North,0.0,28861351.0,330052.0
Punjab,2016,179.0,170.9,793.95,0.0,North,0.0,29140298.0,352721.0
Punjab,2017,317.1,173.55,905.62,0.0,North,0.0,29380312.0,375406.0
Punjab,2018,317.1,173.55,905.62,0.0,North,9.25,29619321.0,397019.0
Punjab,2019,317.1,173.55,947.1,0.0,North,10.75,29859333.0,411646.0
Punjab,2020,473.45,173.55,982.3,0.0,North,18.2,30099332.0,395894.0
Punjab,2021,473.45,176.1,1100.07,0.0,North,18.2,30339348.0,410547.0
Punjab,2022,473.4493103027344,176.09873962402344,1100.06884765625,0.0,North,18.199312210083008,30535410.0,425200.0
Punjab,2023,473.4493103027344,176.09873962402344,1100.06884765625,0.0,North,18.199312210083008,30730349.0,439853.0
Punjab,2024,473.4493103027344,176.09873962402344,1100.06884765625,0.0,North,18.199312210083008,30926357.0,438706.40625
Rajasthan,2006,23.3,23.85,0.15,469.8,West,0.0,62161867.0,124339.0
Rajasthan,2007,23.3,23.85,0.15,538.8,West,0.0,63483578.0,135654.0
Rajasthan,2008,31.3,23.85,0.15,738.4,West,0.0,64778915.0,144568.0
Rajasthan,2009,31.3,23.85,0.15,1088.3,West,0.0,66047876.0,148200.0
Rajasthan,2010,73.3,23.85,5.15,1525.0,West,0.0,67290463.0,158315.0
Rajasthan,2011,83.3,23.85,197.65,2070.65,West,0.0,68548437.0,434837.0
Rajasthan,2012,91.3,23.85,552.9,2684.65,West,0.0,69687322.0,454564.0
Rajasthan,2013,101.3,23.85,730.1,2784.9,West,0.0,70825299.0,486230.0
Rajasthan,2014,111.3,23.85,942.1,3309.0,West,0.0,71963414.0,521509.0
Rajasthan,2015,108.3,23.85,1269.93,3993.95,West,0.0,73102258.0,563340.0
Rajasthan,2016,119.3,23.85,1812.93,4281.72,West,0.0,74240590.0,596746.0
Rajasthan,2017,121.3,23.85,2332.77,4297.72,West,0.0,75248461.0,628020.0
Rajasthan,2018,121.3,23.85,3226.79,4299.72,West,0.0,76256452.0,642929.0
Rajasthan,2019,121.3,23.85,5137.91,4299.72,West,0.0,77264559.0,679564.0
Rajasthan,2020,121.25,23.85,5925.6,4326.82,West,3.83,78273496.0,660118.0
Rajasthan,2021,121.25,23.85,12564.87,4326.82,West,3.83,79281418.0,697081.0
Rajasthan,2022,121.25050354003906,23.850000381469727,12564.8671875,4326.81884765625,West,3.829235792160034,80153513.0,734044.0
Rajasthan,2023,121.25050354003906,23.850000381469727,12564.8671875,4326.81884765625,West,3.829235792160034,81025426.0,771007.0
Rajasthan,2024,121.25050354003906,23.850000381469727,12564.8671875,4326.81884765625,West,3.829235792160034,81897401.0,769105.625
Sikkim,2006,0.0,39.11,0.0,0.0,North-East,0.0,575898.0,1514.0
Sikkim,2007,0.0,39.11,0.0,0.0,North-East,0.0,582830.0,1626.0
Sikkim,2008,0.0,39.11,0.0,0.0,North-East,0.0,589721.0,1756.0
Sikkim,2009,0.0,47.11,0.0,0.0,North-East,0.0,596572.0,1995.0
Sikkim,2010,0.0,52.11,0.0,0.0,North-East,0.0,603381.0,2234.0
Sikkim,2011,0.0,52.11,0.0,0.0,North-East,0.0,610577.0,11165.0
Sikkim,2012,0.0,52.11,0.0,0.0,North-East,0.0,616544.0,11421.0
Sikkim,2013,0.0,52.11,0.0,0.0,North-East,0.0,623514.0,12114.0
Sikkim,2014,0.0,52.11,0.0,0.0,North-East,0.0,630475.0,13071.0
Sikkim,2015,0.0,52.11,0.0,0.0,North-East,0.0,636424.0,14370.0
Sikkim,2016,0.0,52.11,0.0,0.0,North-East,0.0,643390.0,15397.0
Sikkim,2017,0.0,52.11,0.0,0.0,North-East,0.0,649343.0,17673.0
Sikkim,2018,0.0,52.11,0.01,0.0,North-East,0.0,656307.0,18625.0
Sikkim,2019,0.0,52.11,0.07,0.0,North-East,0.0,663256.0,19700.0
Sikkim,2020,0.0,52.11,1.94,0.0,North-East,0.0,669215.0,20434.0
Sikkim,2021,0.0,52.11,4.68,0.0,North-East,0.0,676155.0,21699.0
Sikkim,2022,0.0,52.10987091064453,4.678801536560059,0.0,North-East,0.0,682119.0,22964.0
Sikkim,2023,0.0,52.10987091064453,4.678801536560059,0.0,North-East,0.0,688071.0,24229.0
Sikkim,2024,0.0,52.10987091064453,4.678801536560059,0.0,North-East,0.0,694024.0,24169.505859375
Tamil Nadu,2006,215.5,89.7,0.05,3492.79,South,0.0,68969174.0,209302.0
Tamil Nadu,2007,290.5,89.7,0.05,3873.4,South,0.0,69652087.0,218538.0
Tamil Nadu,2008,333.7,89.7,0.05,4304.5,South,0.0,70307771.0,228479.0
Tamil Nadu,2009,395.7,90.05,0.05,4906.72,South,0.0,70936225.0,241122.0
Tamil Nadu,2010,488.2,96.55,5.05,5904.12,South,0.0,71537449.0,250711.0
Tamil Nadu,2011,532.7,123.05,15.05,6987.58,South,0.0,72147030.0,751486.0
Tamil Nadu,2012,538.7,123.05,17.11,7162.18,South,0.0,72645145.0,791824.0
Tamil Nadu,2013,571.3,123.05,98.36,7269.5,South,0.0,73141985.0,851976.0
Tamil Nadu,2014,662.3,123.05,142.58,7455.0,South,0.0,73640080.0,893915.0
Tamil Nadu,2015,641.9,123.05,1061.82,7613.86,South,0.0,74137073.0,967562.0
Tamil Nadu,2016,878.0,123.05,1691.83,7861.46,South,0.0,74635126.0,1036762.0
Tamil Nadu,2017,954.55,123.05,1908.57,8197.09,South,0.0,74989099.0,1125793.0
Tamil Nadu,2018,997.55,123.05,2575.22,8968.91,South,6.4,75342082.0,1204667.0
Tamil Nadu,2019,997.55,123.05,3915.88,9304.34,South,6.4,75695060.0,1278559.0
Tamil Nadu,2020,1012.65,123.05,4527.47,9608.04,South,27.26,76049061.0,1296659.0
Tamil Nadu,2021,1012.65,123.05,5067.18,9866.37,South,30.05,76402158.0,1364176.0
Tamil Nadu,2022,1012.6494750976562,123.04986572265625,5067.1787109375,9866.3662109375,South,30.048791885375977,76631155.0,1431694.0
Tamil Nadu,2023,1012.6494750976562,123.04986572265625,5067.1787109375,9866.3662109375,South,30.048791885375977,76860096.0,1499211.0
Tamil Nadu,2024,1012.6494750976562,123.04986572265625,5067.1787109375,9866.3662109375,South,30.048791885375977,77089106.0,1495971.0
Telangana,2006,124.672025565573,74.0169021490545,0.0413849047520573,50.6551234165182,South,0.0,33222338.0,360503.125
Telangana,2007,138.329044133752,74.8363232631453,0.0413849047520573,50.6965083212702,South,0.0,33583943.0,360503.125
Telangana,2008,142.177840275693,74.8363232631453,0.0413849047520573,50.6965083212702,South,0.0,33935373.0,360503.125
Telangana,2009,150.330666511848,77.3194175482687,0.0413849047520573,50.6965083212702,South,0.0,34276628.0,360503.125
Telangana,2010,150.330666511848,79.2231231668633,0.869082999793204,79.2520926001897,South,0.0,34607709.0,360503.125
Telangana,2011,150.330666511848,90.1487380214064,9.00121678357247,101.620633618677,South,0.0,34953587.0,359434.0
Telangana,2012,157.573024843458,90.6453568784311,9.66337525960539,185.259526122585,South,0.0,35239570.0,370113.0
Telangana,2014,0.0,0.0,61.25,0.0,South,0.0,35812161.0,416332.0
Telangana,2015,0.0,0.0,527.84,77.7,South,0.0,36098814.0,464542.0
Telangana,2016,158.1,0.0,1286.98,100.8,South,0.0,36385522.0,507946.0
Telangana,2017,159.1,90.87,3291.25,100.8,South,0.0,36632112.0,557410.0
Telangana,2018,159.1,90.87,3592.09,128.1,South,18.5,36879672.0,608401.0
Telangana,2019,159.1,90.87,3620.75,128.1,South,26.0,37127114.0,638682.0
Telangana,2020,160.1,90.87,3961.54,128.1,South,50.38,37374506.0,616369.0
Telangana,2021,160.1,90.87,4520.48,128.1,South,59.64,37620985.0,684627.0
Telangana,2022,160.09957885742188,90.86991119384766,4520.478515625,128.09979248046875,South,59.63872528076172,37797405.0,719483.0
Telangana,2023,160.09957885742188,90.86991119384766,4520.478515625,128.09979248046875,South,59.63872528076172,37974754.0,754339.0
Telangana,2024,160.09957885742188,90.86991119384766,4520.478515625,128.09979248046875,South,59.63872528076172,38151079.0,752994.5
Tripura,2006,0.0,16.01,0.0,0.0,North-East,0.0,3466926.0,8019.0
Tripura,2007,0.0,16.01,0.0,0.0,North-East,0.0,3508598.0,8350.0
Tripura,2008,0.0,16.01,0.0,0.0,North-East,0.0,3550063.0,8019.0
Tripura,2009,0.0,16.01,0.0,0.0,North-East,0.0,3591321.0,8683.0
Tripura,2010,0.0,16.01,0.0,0.0,North-East,0.0,3632371.0,9343.0
Tripura,2011,0.0,16.01,0.0,0.0,North-East,0.0,3673917.0,19208.0
Tripura,2012,0.0,16.01,0.0,0.0,North-East,0.0,3713934.0,20873.0
Tripura,2013,0.0,16.01,0.0,0.0,North-East,0.0,3753973.0,22819.0
Tripura,2014,0.0,16.01,5.0,0.0,North-East,0.0,3793998.0,26965.0
Tripura,2015,0.0,16.01,5.0,0.0,North-East,0.0,3834018.0,26787.0
Tripura,2016,0.0,16.01,5.09,0.0,North-East,0.0,3874064.0,30538.0
Tripura,2017,0.0,16.01,5.09,0.0,North-East,0.0,3914072.0,33093.0
Tripura,2018,0.0,16.01,5.09,0.0,North-East,0.0,3953109.0,36754.0
Tripura,2019,0.0,16.01,9.41,0.0,North-East,0.0,3992143.0,40207.0
Tripura,2020,0.0,16.01,13.56,0.0,North-East,0.0,4032182.0,41799.0
Tripura,2021,0.0,16.01,14.89,0.0,North-East,0.0,4071208.0,45290.0
Tripura,2022,0.0,16.010000228881836,14.888741493225098,0.0,North-East,0.0,4109233.0,48781.0
Tripura,2023,0.0,16.010000228881836,14.888741493225098,0.0,North-East,0.0,4147268.0,52272.0
Tripura,2024,0.0,16.010000228881836,14.888741493225098,0.0,North-East,0.0,4184280.0,52136.265625
Uttar Pradesh,2006,121.5,25.1,0.38,0.0,North,0.0,181163855.0,239070.0
Uttar Pradesh,2007,200.5,25.1,0.38,0.0,North,0.0,185011288.0,258067.0
Uttar Pradesh,2008,372.5,25.1,0.38,0.0,North,0.0,188779396.0,276677.0
Uttar Pradesh,2009,567.0,25.1,0.38,0.0,North,0.0,192468179.0,294836.0
Uttar Pradesh,2010,592.5,25.1,0.38,0.0,North,0.0,196077639.0,313640.0
Uttar Pradesh,2011,644.5,25.1,12.38,0.0,North,0.0,199812341.0,724050.0
Uttar Pradesh,2012,776.5,25.1,17.38,0.0,North,0.0,203067243.0,758205.0
Uttar Pradesh,2013,776.5,25.1,21.08,0.0,North,0.0,206322112.0,802070.0
Uttar Pradesh,2014,888.5,25.1,71.26,0.0,North,0.0,209577239.0,834432.0
Uttar Pradesh,2015,870.0,25.1,143.5,0.0,North,0.0,212832274.0,908241.0
Uttar Pradesh,2016,1933.0,25.1,336.73,0.0,North,0.0,216087225.0,1011500.0
Uttar Pradesh,2017,2115.51,25.1,694.41,0.0,North,0.0,219051592.0,1056399.0
Uttar Pradesh,2018,2115.51,25.1,960.1,0.0,North,0.0,222015356.0,1101609.0
Uttar Pradesh,2019,2115.51,25.1,1095.1,0.0,North,0.0,224979377.0,1137626.0
Uttar Pradesh,2020,2117.26,49.1,1836.27,0.0,North,58.84,227943310.0,1089612.0
Uttar Pradesh,2021,2117.26,49.1,2244.43,0.0,North,72.73,230907481.0,1109878.0
Uttar Pradesh,2022,2117.259521484375,49.099361419677734,2244.4287109375,0.0,North,72.72886657714844,233297127.0,1130145.0
Uttar Pradesh,2023,2117.259521484375,49.099361419677734,2244.4287109375,0.0,North,72.72886657714844,235687425.0,1150411.0
Uttar Pradesh,2024,2117.259521484375,49.099361419677734,2244.4287109375,0.0,North,72.72886657714844,238078417.0,1147555.0
Uttarakhand,2006,0.0,75.67,0.05,0.0,North,0.0,9376091.0,23103.0
Uttarakhand,2007,0.0,105.12,0.05,0.0,North,0.0,9520148.0,25482.0
Uttarakhand,2008,0.0,105.12,0.05,0.0,North,0.0,9662834.0,26968.0
Uttarakhand,2009,0.0,132.92,0.05,0.0,North,0.0,9804149.0,29507.0
Uttarakhand,2010,10.0,134.62,0.05,0.0,North,0.0,9944095.0,31440.0
Uttarakhand,2011,10.0,170.82,5.05,0.0,North,0.0,10086292.0,115328.0
Uttarakhand,2012,10.0,174.82,5.05,0.0,North,0.0,10219953.0,123710.0
Uttarakhand,2013,30.0,174.82,5.05,0.0,North,0.0,10354275.0,134182.0
Uttarakhand,2014,30.0,209.32,5.0,0.0,North,0.0,10487268.0,141278.0
Uttarakhand,2015,76.0,209.33,41.15,0.0,North,0.0,10621186.0,152699.0
Uttarakhand,2016,73.0,209.32,233.49,0.0,North,0.0,10755289.0,167703.0
Uttarakhand,2017,130.5,214.32,260.08,0.0,North,0.0,10884213.0,180956.0
Uttarakhand,2018,130.5,214.32,306.75,0.0,North,0.0,11013269.0,186048.0
Uttarakhand,2019,130.5,214.32,315.9,0.0,North,0.0,11141303.0,188236.0
Uttarakhand,2020,130.22,214.32,380.13,0.0,North,9.22,11270390.0,175910.0
Uttarakhand,2021,130.22,218.82,573.54,0.0,North,9.22,11399520.0,181984.0
Uttarakhand,2022,130.22056579589844,218.81895446777344,573.5387573242188,0.0,North,9.219246864318848,11518343.0,188059.0
Uttarakhand,2023,130.22056579589844,218.81895446777344,573.5387573242188,0.0,North,9.219246864318848,11637436.0,194134.0
Uttarakhand,2024,130.22056579589844,218.81895446777344,573.5387573242188,0.0,North,9.219246864318848,11755469.0,193652.671875
West Bengal,2006,0.0,98.4,0.05,1.1,East,0.0,86752089.0,204948.0
West Bengal,2007,0.0,98.4,0.05,0.0,East,0.0,87706502.0,222683.0
West Bengal,2008,0.0,98.4,0.05,0.0,East,0.0,88632405.0,236806.0
West Bengal,2009,16.0,98.4,1.15,4.3,East,0.0,89529797.0,253408.0
West Bengal,2010,16.0,98.4,1.15,4.3,East,0.0,90398680.0,269266.0
West Bengal,2011,16.0,98.4,2.05,4.3,East,0.0,91276115.0,520485.0
West Bengal,2012,26.0,98.4,2.05,0.0,East,0.0,92036859.0,542191.0
West Bengal,2013,26.0,98.4,7.05,0.0,East,0.0,92796928.0,558497.0
West Bengal,2014,26.0,98.5,7.21,0.0,East,0.0,93557966.0,574364.0
West Bengal,2015,26.0,98.5,7.77,0.0,East,0.0,94317975.0,609545.0
West Bengal,2016,300.0,98.5,26.14,0.0,East,0.0,95079005.0,653416.0
West Bengal,2017,319.92,98.5,37.32,0.0,East,0.0,95688123.0,694980.0
West Bengal,2018,319.92,98.5,75.95,0.0,East,0.0,96297082.0,739082.0
West Bengal,2019,319.92,98.5,114.46,0.0,East,0.0,96906035.0,784424.0
West Bengal,2020,319.92,98.5,162.65,0.0,East,1.17,97516138.0,792720.0
West Bengal,2021,319.92,98.5,166.0,0.0,East,2.53,98124996.0,812527.0
West Bengal,2022,319.9197082519531,98.49974822998047,165.99874877929688,0.00018748754519037902,East,2.528870105743408,98604137.0,832333.0
West Bengal,2023,319.9197082519531,98.49974822998047,165.99874877929688,0.00018748754519037902,East,2.528870105743408,99084008.0,852139.0
West Bengal,2024,319.9197082519531,98.49974822998047,165.99874877929688,0.00018748754519037902,East,2.528870105743408,99563100.0,850812.125
